product,variant,type,market_price,old_price,new_price,diff,profit,status
007 Agent Under Fire - Gamecube Game,game only,loose,13.96,16.34,18.99,2.65,4.18,APPLIED
007 Agent Under Fire - Gamecube Game,complete (cib),cib,14.49,16.34,19.99,3.65,4.62,APPLIED
007 Agent Under Fire - PS2 Game,game only,loose,5.03,8.85,6.99,-1.86,1.46,APPLIED
007 Agent Under Fire - PS2 Game,complete (cib),cib,8.49,8.85,11.99,3.14,2.85,APPLIED
007 Everything or Nothing - Gamecube Game,game only,loose,14.63,13.16,19.99,6.83,4.48,APPLIED
007 Everything or Nothing - Gamecube Game,complete (cib),cib,18.25,13.16,24.99,11.83,5.72,SAFETY (90% change)
007 Everything or Nothing - Xbox Game,game only,loose,7.24,8.93,9.99,1.06,2.16,APPLIED
007 Everything or Nothing - Xbox Game,complete (cib),cib,9.99,8.93,13.99,5.06,3.29,APPLIED
007 From Russia With Love - Gamecube Game,game only,loose,14.99,18.57,20.99,2.42,5.09,APPLIED
007 From Russia With Love - Gamecube Game,complete (cib),cib,20.12,18.57,27.99,9.42,6.76,APPLIED
007 From Russia With Love - PSP Game,game only,loose,17.99,20.86,24.99,4.13,5.98,APPLIED
007 From Russia With Love - PSP Game,complete (cib),cib,24.99,20.86,33.99,13.13,7.71,APPLIED
007 From Russia With Love - Xbox Game,game only,loose,8.99,9.61,12.99,3.38,3.32,APPLIED
007 From Russia With Love - Xbox Game,complete (cib),cib,10.05,9.61,13.99,4.38,3.23,APPLIED
007 GoldenEye - Nintendo 64 Game,game only,loose,31.19,44.99,42.99,-2.0,10.25,APPLIED
007 GoldenEye - Nintendo 64 Game,complete (cib),cib,79.0,44.99,106.99,62.0,24.59,SAFETY (138% change)
007 GoldenEye - Wii Game,complete (cib),cib,13.49,14.38,18.99,4.61,4.65,APPLIED
007 James Bond - Gameboy Game,game only,loose,13.09,26.84,17.99,-8.85,4.08,APPLIED
007 James Bond - Gameboy Game,complete (cib),cib,42.47,26.84,57.99,31.15,13.54,SAFETY (116% change)
007 Legends - Wii U Game,game only,loose,17.12,42.04,23.99,-18.05,5.87,APPLIED
007 Legends - Wii U Game,complete (cib),cib,21.99,42.04,29.99,-12.05,6.83,APPLIED
007 Nightfire - Gamecube Game,game only,loose,13.84,19.61,18.99,-0.62,4.3,APPLIED
007 Nightfire - Gamecube Game,complete (cib),cib,19.38,19.61,26.99,7.38,6.53,APPLIED
007 Nightfire - GBA Game,game only,loose,21.98,35.58,29.99,-5.59,6.84,APPLIED
007 Nightfire - GBA Game,complete (cib),cib,37.5,35.58,50.99,15.41,11.71,APPLIED
007 Nightfire - PS2 Game,game only,loose,8.06,13.28,10.99,-2.29,2.31,APPLIED
007 Nightfire - PS2 Game,complete (cib),cib,10.84,13.28,14.99,1.71,3.42,APPLIED
007 Nightfire - Xbox Game,game only,loose,8.31,8.73,11.99,3.26,3.03,APPLIED
007 Nightfire - Xbox Game,complete (cib),cib,10.99,8.73,14.99,6.26,3.27,APPLIED
007 Quantum of Solace - Wii Game,complete (cib),cib,8.17,8.3,11.99,3.69,3.17,APPLIED
007 Racing - PS1 Game,game only,loose,5.14,7.58,6.99,-0.59,1.35,APPLIED
007 Racing - PS1 Game,complete (cib),cib,12.67,7.58,17.99,10.41,4.5,SAFETY (137% change)
007 Tomorrow Never Dies - PS1 Game,game only,loose,4.81,9.29,6.99,-2.3,1.68,APPLIED
007 Tomorrow Never Dies - PS1 Game,complete (cib),cib,10.74,9.29,14.99,5.7,3.52,APPLIED
007 World Is Not Enough - Gameboy Color Game,game only,loose,14.24,13.37,19.99,6.62,4.87,APPLIED
007 World Is Not Enough - Gameboy Color Game,complete (cib),cib,19.99,13.37,26.99,13.62,5.92,SAFETY (102% change)
007 World Is Not Enough - Nintendo 64 Game,game only,loose,18.26,22.65,24.99,2.34,5.71,APPLIED
007 World Is Not Enough - Nintendo 64 Game,complete (cib),cib,51.0,22.65,68.99,46.34,15.69,SAFETY (205% change)
007 World is Not Enough - PS1 Game,game only,loose,7.2,11.7,9.99,-1.71,2.2,APPLIED
007 World is Not Enough - PS1 Game,complete (cib),cib,11.46,11.7,15.99,4.29,3.77,APPLIED
10 Pin Bowling - Gameboy Color Game,game only,loose,13.88,23.01,18.99,-4.02,4.26,APPLIED
10 Pin Bowling - Gameboy Color Game,complete (cib),cib,43.12,23.01,58.99,35.98,13.86,SAFETY (156% change)
10-Yard Fight - NES Game,game only,loose,7.85,5.08,10.99,5.91,2.52,SAFETY (116% change)
10-Yard Fight - NES Game,complete (cib),cib,54.97,5.08,74.99,69.91,17.55,SAFETY (1376% change)
101 Dalmatians II Patch's London Adventure - PS1 Game,game only,loose,18.95,18.05,25.99,7.94,5.99,APPLIED
101 Dalmatians II Patch's London Adventure - PS1 Game,complete (cib),cib,22.17,18.05,29.99,11.94,6.65,APPLIED
101-in-1 Party Megamix - Wii Game,game only,loose,5.49,9.55,7.99,-1.56,1.97,APPLIED
101-in-1 Party Megamix - Wii Game,complete (cib),cib,6.48,9.55,8.99,-0.56,1.95,APPLIED
101-in-1 Sports Party Megamix - Wii Game,game only,loose,15.26,19.43,20.99,1.56,4.82,APPLIED
101-in-1 Sports Party Megamix - Wii Game,complete (cib),cib,16.97,19.43,22.99,3.56,5.05,APPLIED
102 Dalmatians Puppies to the Rescue - PS1 Game,complete (cib),cib,17.99,18.98,24.99,6.01,5.98,APPLIED
102 Dalmatians Puppies to the Rescue - Sega Dreamcast Game,game only,loose,12.0,18.66,16.99,-1.67,4.2,APPLIED
102 Dalmatians Puppies to the Rescue - Sega Dreamcast Game,complete (cib),cib,15.0,18.66,20.99,2.33,5.08,APPLIED
1080 Avalanche - Gamecube Game,game only,loose,17.99,20.52,24.99,4.47,5.98,APPLIED
1080 Avalanche - Gamecube Game,complete (cib),cib,25.99,20.52,35.99,15.47,8.66,APPLIED
1080 Snowboarding - Nintendo 64 Game,complete (cib),cib,52.94,17.76,71.99,54.23,16.66,SAFETY (305% change)
18 Wheeler American Pro Trucker - Gamecube Game,game only,loose,5.95,9.73,8.99,-0.74,2.48,APPLIED
18 Wheeler American Pro Trucker - Gamecube Game,complete (cib),cib,13.98,9.73,18.99,9.26,4.16,SAFETY (95% change)
18 Wheeler American Pro Trucker - PS2 Game,game only,loose,7.32,11.69,9.99,-1.7,2.08,APPLIED
18 Wheeler American Pro Trucker - PS2 Game,complete (cib),cib,10.62,11.69,14.99,3.3,3.64,APPLIED
187 Ride or Die - PS2 Game,game only,loose,11.06,17.4,14.99,-2.41,3.2,APPLIED
187 Ride or Die - PS2 Game,complete (cib),cib,16.17,17.4,21.99,4.59,4.88,APPLIED
187 Ride or Die - Xbox Game,game only,loose,8.07,10.48,10.99,0.51,2.3,APPLIED
187 Ride or Die - Xbox Game,complete (cib),cib,10.34,10.48,13.99,3.51,2.94,APPLIED
1942 - NES Game,game only,loose,14.99,23.13,20.99,-2.14,5.09,APPLIED
1942 - NES Game,complete (cib),cib,62.99,23.13,85.99,62.86,20.21,SAFETY (272% change)
1943: The Battle of Midway - NES Game,complete (cib),cib,52.93,25.67,71.99,46.32,16.67,SAFETY (180% change)
2 for 1 Power Pack Winter Blast & Summer Sports 2 - Wii Game,game only,loose,22.28,73.93,30.99,-42.94,7.51,APPLIED
2 for 1 Power Pack Winter Blast & Summer Sports 2 - Wii Game,complete (cib),cib,29.4,73.93,39.99,-33.94,9.13,APPLIED
2006 FIFA World Cup - PSP Game,game only,loose,8.73,4.8,11.99,7.19,2.61,SAFETY (150% change)
2006 FIFA World Cup - PSP Game,complete (cib),cib,9.92,4.8,13.99,9.19,3.36,SAFETY (191% change)
2010 FIFA World Cup South Africa - Wii Game,game only,loose,3.44,6.31,4.99,-1.32,1.11,APPLIED
2010 FIFA World Cup South Africa - Wii Game,complete (cib),cib,6.26,6.31,8.99,2.68,2.17,APPLIED
24 the Game - PS2 Game,game only,loose,6.95,11.19,9.99,-1.2,2.45,APPLIED
24 the Game - PS2 Game,complete (cib),cib,8.97,11.19,12.99,1.8,3.34,APPLIED
25 to Life - Xbox Game,game only,loose,10.55,12.92,14.99,2.07,3.71,APPLIED
25 to Life - Xbox Game,complete (cib),cib,15.38,12.92,20.99,8.07,4.7,APPLIED
2Xtreme - PS1 Game,complete (cib),cib,8.97,7.58,12.99,5.41,3.34,APPLIED
3 Ninjas Kick Back - Sega Genesis Game,game only,loose,60.0,97.83,81.99,-15.84,19.31,APPLIED
3 Ninjas Kick Back - Sega Genesis Game,complete (cib),cib,229.5,97.83,309.99,212.16,71.2,SAFETY (217% change)
300 March to Glory - PSP Game,game only,loose,8.69,9.6,11.99,2.39,2.65,APPLIED
300 March to Glory - PSP Game,complete (cib),cib,9.99,9.6,13.99,4.39,3.29,APPLIED
3D Baseball - PS1 Game,game only,loose,9.03,19.48,12.99,-6.49,3.28,APPLIED
3D Baseball - PS1 Game,complete (cib),cib,24.99,19.48,33.99,14.51,7.71,APPLIED
3D Pool - GBA Game,game only,loose,4.97,8.7,6.99,-1.71,1.52,APPLIED
3D Pool - GBA Game,complete (cib),cib,8.59,8.7,11.99,3.29,2.75,APPLIED
3D WorldRunner - NES Game,game only,loose,11.31,14.31,15.99,1.68,3.92,APPLIED
3D WorldRunner - NES Game,complete (cib),cib,49.99,14.31,67.99,53.68,15.73,SAFETY (375% change)
3Xtreme - PS1 Game,game only,loose,5.43,8.89,7.99,-0.9,2.03,APPLIED
3Xtreme - PS1 Game,complete (cib),cib,9.82,8.89,13.99,5.1,3.46,APPLIED
4 in 1 Fun Pak - Gameboy Game,complete (cib),cib,24.99,9.54,33.99,24.45,7.71,SAFETY (256% change)
4 in 1 Funpak Volume II - Gameboy Game,game only,loose,7.0,7.34,9.99,2.65,2.4,APPLIED
4 in 1 Funpak Volume II - Gameboy Game,complete (cib),cib,17.99,7.34,24.99,17.65,5.98,SAFETY (240% change)
4 Wheel Thunder - Sega Dreamcast Game,game only,loose,14.94,14.4,20.99,6.59,5.14,APPLIED
4 Wheel Thunder - Sega Dreamcast Game,complete (cib),cib,19.99,14.4,26.99,12.59,5.92,SAFETY (87% change)
40 Winks - PS1 Game,game only,loose,13.05,19.0,17.99,-1.01,4.12,APPLIED
40 Winks - PS1 Game,complete (cib),cib,24.2,19.0,32.99,13.99,7.53,APPLIED
4x4 Evo - PS2 Game,game only,loose,5.56,8.72,7.99,-0.73,1.9,APPLIED
4x4 Evo - PS2 Game,complete (cib),cib,9.89,8.72,13.99,5.27,3.39,APPLIED
4x4 EVO - Sega Dreamcast Game,game only,loose,10.99,15.84,14.99,-0.85,3.27,APPLIED
4x4 EVO - Sega Dreamcast Game,complete (cib),cib,19.92,15.84,26.99,11.15,5.99,APPLIED
4x4 EVO 2 - Gamecube Game,game only,loose,9.54,10.59,12.99,2.4,2.77,APPLIED
4x4 EVO 2 - Gamecube Game,complete (cib),cib,13.28,10.59,17.99,7.4,3.89,APPLIED
4x4 EVO 2 - Xbox Game,complete (cib),cib,7.99,9.36,10.99,1.63,2.38,APPLIED
50 Cent Bulletproof - PS2 Game,game only,loose,28.57,34.99,38.99,4.0,8.99,APPLIED
50 Cent Bulletproof - PS2 Game,complete (cib),cib,42.99,34.99,58.99,24.0,13.99,APPLIED
50 Cent Bulletproof G Unit Edition - PSP Game,game only,loose,35.5,37.57,47.99,10.42,10.8,APPLIED
50 Cent Bulletproof G Unit Edition - PSP Game,complete (cib),cib,60.0,37.57,81.99,44.42,19.31,SAFETY (118% change)
6-Pak - Sega Genesis Game,game only,loose,15.18,15.37,20.99,5.62,4.9,APPLIED
6-Pak - Sega Genesis Game,complete (cib),cib,45.71,15.37,61.99,46.62,14.18,SAFETY (303% change)
688 Attack Sub - Sega Genesis Game,game only,loose,8.37,9.02,11.99,2.97,2.97,APPLIED
688 Attack Sub - Sega Genesis Game,complete (cib),cib,13.68,9.02,18.99,9.97,4.46,SAFETY (111% change)
7 Wonders of the Ancient World - PS2 Game,game only,loose,9.87,16.13,13.99,-2.14,3.41,APPLIED
7 Wonders of the Ancient World - PS2 Game,complete (cib),cib,9.99,16.13,13.99,-2.14,3.29,APPLIED
7 Wonders of the Ancient World - PSP Game,game only,loose,6.71,9.49,9.99,0.5,2.69,APPLIED
7 Wonders of the Ancient World - PSP Game,complete (cib),cib,8.05,9.49,10.99,1.5,2.32,APPLIED
720 - Gameboy Color Game,complete (cib),cib,13.08,8.54,17.99,9.45,4.09,SAFETY (111% change)
720 - NES Game,game only,loose,9.0,7.03,12.99,5.96,3.31,SAFETY (85% change)
720 - NES Game,complete (cib),cib,45.0,7.03,60.99,53.96,13.92,SAFETY (768% change)
8 Eyes - NES Game,game only,loose,15.45,17.4,20.99,3.59,4.63,APPLIED
8 Eyes - NES Game,complete (cib),cib,41.56,17.4,56.99,39.59,13.48,SAFETY (228% change)
A Bug's Life - Gameboy Color Game,game only,loose,5.6,6.6,7.99,1.39,1.86,APPLIED
A Bug's Life - Gameboy Color Game,complete (cib),cib,19.25,6.6,25.99,19.39,5.69,SAFETY (294% change)
A Bug's Life - Nintendo 64 Game,game only,loose,13.97,16.95,18.99,2.04,4.17,APPLIED
A Bug's Life - Nintendo 64 Game,complete (cib),cib,41.12,16.95,55.99,39.04,12.95,SAFETY (230% change)
A Bug's Life - PS1 Game,game only,loose,5.98,11.31,8.99,-2.32,2.45,APPLIED
A Bug's Life - PS1 Game,complete (cib),cib,9.71,11.31,13.99,2.68,3.57,APPLIED
A Dinosaur's Tale - Sega Genesis Game,complete (cib),cib,31.9,17.39,43.99,26.6,10.51,SAFETY (153% change)
A Nightmare on Elm Street - NES Game,game only,loose,60.11,89.26,81.99,-7.27,19.2,APPLIED
A Nightmare on Elm Street - NES Game,complete (cib),cib,366.41,89.26,494.99,405.73,113.93,SAFETY (455% change)
A Sound of Thunder - GBA Game,game only,loose,45.71,51.58,61.99,10.41,14.18,APPLIED
A Sound of Thunder - GBA Game,complete (cib),cib,222.75,51.58,300.99,249.41,69.21,SAFETY (484% change)
A/X-101 - Sega CD Game,game only,loose,33.0,110.35,44.99,-65.36,10.39,APPLIED
A/X-101 - Sega CD Game,complete (cib),cib,55.28,110.35,74.99,-35.36,17.24,APPLIED
AAAHH Real Monsters - SNES Game,game only,loose,13.73,17.08,18.99,1.91,4.41,APPLIED
AAAHH Real Monsters - SNES Game,complete (cib),cib,54.38,17.08,73.99,56.91,17.16,SAFETY (333% change)
Abadox - NES Game,game only,loose,16.99,15.14,22.99,7.85,5.03,APPLIED
Abadox - NES Game,complete (cib),cib,59.47,15.14,80.99,65.85,18.87,SAFETY (435% change)
Abba You Can Dance - Wii Game,game only,loose,8.45,13.14,11.99,-1.15,2.89,APPLIED
Abba You Can Dance - Wii Game,complete (cib),cib,12.34,13.14,16.99,3.85,3.86,APPLIED
AC/DC Live Rock Band Track Pack - PS2 Game,game only,loose,4.18,9.71,5.99,-3.72,1.34,APPLIED
AC/DC Live Rock Band Track Pack - PS2 Game,complete (cib),cib,6.31,9.71,8.99,-0.72,2.12,APPLIED
AC/DC Live Rock Band Track Pack - Wii Game,game only,loose,8.51,9.28,11.99,2.71,2.83,APPLIED
AC/DC Live Rock Band Track Pack - Wii Game,complete (cib),cib,9.39,9.28,12.99,3.71,2.92,APPLIED
Academy of Champions Soccer - Wii Game,game only,loose,6.26,8.28,8.99,0.71,2.17,APPLIED
Academy of Champions Soccer - Wii Game,complete (cib),cib,6.43,8.28,8.99,0.71,2.0,APPLIED
Ace Combat 2 - PS1 Game,game only,loose,27.32,25.23,36.99,11.76,8.3,APPLIED
Ace Combat 2 - PS1 Game,complete (cib),cib,41.74,25.23,56.99,31.76,13.3,SAFETY (126% change)
Ace Combat 3 Electrosphere - PS1 Game,game only,loose,26.83,20.44,36.99,16.55,8.79,SAFETY (81% change)
Ace Combat 3 Electrosphere - PS1 Game,complete (cib),cib,44.78,20.44,60.99,40.55,14.14,SAFETY (198% change)
Ace Combat 4 - PS2 Game,game only,loose,5.23,9.42,7.99,-1.43,2.23,APPLIED
Ace Combat 4 - PS2 Game,complete (cib),cib,9.99,9.42,13.99,4.57,3.29,APPLIED
Ace Combat Advance - GBA Game,game only,loose,10.63,11.7,14.99,3.29,3.63,APPLIED
Ace Combat Advance - GBA Game,complete (cib),cib,23.0,11.7,31.99,20.29,7.76,SAFETY (173% change)
Ace Combat X Skies of Deception - PSP Game,game only,loose,14.63,17.01,19.99,2.98,4.48,APPLIED
Ace Combat X Skies of Deception - PSP Game,complete (cib),cib,20.19,17.01,27.99,10.98,6.69,APPLIED
Ace Combat Zero - PS2 Game,game only,loose,38.49,42.99,51.99,9.0,11.69,APPLIED
Ace Combat Zero - PS2 Game,complete (cib),cib,45.81,35.66,61.99,26.33,14.08,APPLIED
Ace Combat: Joint Assault - PSP Game,game only,loose,29.99,34.42,40.99,6.57,9.51,APPLIED
Ace Combat: Joint Assault - PSP Game,complete (cib),cib,41.62,34.42,56.99,22.57,13.42,APPLIED
Action Girlz Racing - Wii Game,game only,loose,4.59,7.91,6.99,-0.92,1.9,APPLIED
Action Girlz Racing - Wii Game,complete (cib),cib,5.0,7.91,6.99,-0.92,1.49,APPLIED
Action Man - Gameboy Color Game,game only,loose,14.55,11.59,19.99,8.4,4.56,APPLIED
Action Man - Gameboy Color Game,complete (cib),cib,25.0,11.59,33.99,22.4,7.7,SAFETY (193% change)
Active Life Magical Carnival - Wii Game,game only,loose,6.9,14.81,9.99,-4.82,2.5,APPLIED
Active Life Magical Carnival - Wii Game,complete (cib),cib,10.0,14.81,13.99,-0.82,3.28,APPLIED
Active Life: Explorer - Wii Game,game only,loose,6.29,14.23,8.99,-5.24,2.14,APPLIED
Active Life: Explorer - Wii Game,complete (cib),cib,7.43,14.23,10.99,-3.24,2.94,APPLIED
Active Life: Extreme Challenge - Wii Game,complete (cib),cib,6.99,7.99,9.99,2.0,2.41,APPLIED
Activision Anthology - GBA Game,game only,loose,24.31,34.77,32.99,-1.78,7.42,APPLIED
Activision Anthology - GBA Game,complete (cib),cib,45.5,34.77,61.99,27.22,14.39,APPLIED
Activision Anthology - PS2 Game,game only,loose,24.31,11.25,32.99,21.74,7.42,SAFETY (193% change)
Activision Anthology - PS2 Game,complete (cib),cib,45.5,11.25,61.99,50.74,14.39,SAFETY (451% change)
Activision Hits Remixed - PSP Game,game only,loose,11.29,17.2,15.99,-1.21,3.94,APPLIED
Activision Hits Remixed - PSP Game,complete (cib),cib,22.64,17.2,30.99,13.79,7.15,SAFETY (80% change)
ActRaiser - SNES Game,game only,loose,46.12,60.23,62.99,2.76,14.74,APPLIED
ActRaiser - SNES Game,complete (cib),cib,149.96,60.23,202.99,142.76,46.84,SAFETY (237% change)
ActRaiser 2 - SNES Game,game only,loose,40.0,49.99,54.99,5.0,13.1,APPLIED
ActRaiser 2 - SNES Game,complete (cib),cib,139.99,49.99,188.99,139.0,43.22,SAFETY (278% change)
Addams Family - Gameboy Game,game only,loose,16.29,27.62,22.99,-4.63,5.73,APPLIED
Addams Family - Gameboy Game,complete (cib),cib,44.53,27.62,60.99,33.37,14.39,SAFETY (121% change)
Addams Family - NES Game,game only,loose,21.5,34.99,29.99,-5.0,7.32,APPLIED
Addams Family - NES Game,complete (cib),cib,59.99,34.99,80.99,46.0,18.35,SAFETY (131% change)
Addams Family Pugsley's Scavenger Hunt - Gameboy Game,game only,loose,32.1,34.77,43.99,9.22,10.31,APPLIED
Addams Family Pugsley's Scavenger Hunt - Gameboy Game,complete (cib),cib,189.9,34.77,256.99,222.22,59.34,SAFETY (639% change)
Addams Family Pugsley's Scavenger Hunt - NES Game,game only,loose,79.94,108.61,107.99,-0.62,24.62,APPLIED
Addams Family Pugsley's Scavenger Hunt - NES Game,complete (cib),cib,208.69,108.61,281.99,173.38,64.82,SAFETY (160% change)
Addams Family Values - SNES Game,game only,loose,19.98,28.99,26.99,-2.0,5.93,APPLIED
Addams Family Values - SNES Game,complete (cib),cib,69.01,28.99,93.99,65.0,21.95,SAFETY (224% change)
Adidas Power Soccer - PS1 Game,game only,loose,4.99,9.48,6.99,-2.49,1.5,APPLIED
Adidas Power Soccer - PS1 Game,complete (cib),cib,11.8,9.48,15.99,6.51,3.43,APPLIED
Adidas Power Soccer 98 - PS1 Game,complete (cib),cib,32.76,9.41,44.99,35.58,10.63,SAFETY (378% change)
Advance Guardian Heroes - GBA Game,game only,loose,30.54,58.36,41.99,-16.37,9.93,APPLIED
Advance Guardian Heroes - GBA Game,complete (cib),cib,61.08,58.36,82.99,24.63,19.2,APPLIED
Advance Wars - GBA Game,game only,loose,31.0,55.13,41.99,-13.14,9.47,APPLIED
Advance Wars - GBA Game,complete (cib),cib,99.73,55.13,134.99,79.86,31.05,SAFETY (145% change)
Advance Wars 2 - GBA Game,game only,loose,23.92,44.95,32.99,-11.96,7.81,APPLIED
Advance Wars 2 - GBA Game,complete (cib),cib,60.0,44.95,81.99,37.04,19.31,SAFETY (82% change)
Advent Rising - Xbox Game,game only,loose,7.97,6.3,10.99,4.69,2.4,APPLIED
Advent Rising - Xbox Game,complete (cib),cib,8.84,6.3,11.99,5.69,2.5,SAFETY (90% change)
Adventure Island - NES Game,game only,loose,13.22,15.02,17.99,2.97,3.95,APPLIED
Adventure Island - NES Game,complete (cib),cib,41.29,15.02,55.99,40.97,12.78,SAFETY (273% change)
Adventure Island 3 - NES Game,game only,loose,80.0,97.88,108.99,11.11,25.53,APPLIED
Adventure Island 3 - NES Game,complete (cib),cib,236.53,97.88,319.99,222.11,73.88,SAFETY (227% change)
Adventure Island II - Gameboy Game,game only,loose,23.93,31.36,32.99,1.63,7.8,APPLIED
Adventure Island II - Gameboy Game,complete (cib),cib,163.5,31.36,220.99,189.63,50.78,SAFETY (605% change)
Adventure Island II - NES Game,game only,loose,31.61,37.42,42.99,5.57,9.83,APPLIED
Adventure Island II - NES Game,complete (cib),cib,64.13,37.42,86.99,49.57,20.04,SAFETY (132% change)
Adventures in the Magic Kingdom - NES Game,game only,loose,9.49,13.67,12.99,-0.68,2.82,APPLIED
Adventures in the Magic Kingdom - NES Game,complete (cib),cib,39.48,13.67,53.99,40.32,12.64,SAFETY (295% change)
Adventures of Batman and Robin - Sega Genesis Game,complete (cib),cib,124.98,42.91,168.99,126.08,38.81,SAFETY (294% change)
Adventures of Bayou Billy - NES Game,game only,loose,7.81,9.72,10.99,1.27,2.56,APPLIED
Adventures of Bayou Billy - NES Game,complete (cib),cib,39.99,9.72,53.99,44.27,12.13,SAFETY (455% change)
Adventures of Dino Riki - NES Game,game only,loose,12.48,14.5,16.99,2.49,3.72,APPLIED
Adventures of Dino Riki - NES Game,complete (cib),cib,43.68,14.5,58.99,44.49,13.3,SAFETY (307% change)
Adventures of Dr Franken - SNES Game,game only,loose,15.36,17.4,20.99,3.59,4.72,APPLIED
Adventures of Dr Franken - SNES Game,complete (cib),cib,96.67,17.4,130.99,113.59,30.22,SAFETY (653% change)
Adventures of Lolo - NES Game,game only,loose,14.52,18.84,19.99,1.15,4.59,APPLIED
Adventures of Lolo - NES Game,complete (cib),cib,52.36,18.84,70.99,52.15,16.27,SAFETY (277% change)
Adventures of Lolo 2 - NES Game,game only,loose,14.52,64.47,19.99,-44.48,4.59,APPLIED
Adventures of Lolo 2 - NES Game,complete (cib),cib,52.36,64.47,70.99,6.52,16.27,APPLIED
Adventures of Lolo 3 - NES Game,game only,loose,14.52,108.04,19.99,-88.05,4.59,SAFETY (81% change)
Adventures of Lolo 3 - NES Game,complete (cib),cib,52.36,108.04,70.99,-37.05,16.27,APPLIED
Adventures of Lomax - PS1 Game,game only,loose,100.0,170.94,135.99,-34.95,31.75,APPLIED
Adventures of Lomax - PS1 Game,complete (cib),cib,209.24,170.94,282.99,112.05,65.24,APPLIED
Adventures of Mighty Max - Sega Genesis Game,game only,loose,8.98,14.49,12.99,-1.5,3.33,APPLIED
Adventures of Mighty Max - Sega Genesis Game,complete (cib),cib,23.46,14.49,31.99,17.5,7.3,SAFETY (121% change)
Adventures of Rad Gravity - NES Game,game only,loose,14.07,40.44,19.99,-20.45,5.04,APPLIED
Adventures of Rad Gravity - NES Game,complete (cib),cib,59.99,40.44,80.99,40.55,18.35,SAFETY (100% change)
Adventures of Tom Sawyer - NES Game,game only,loose,14.07,22.21,19.99,-2.22,5.04,APPLIED
Adventures of Tom Sawyer - NES Game,complete (cib),cib,59.99,22.21,80.99,58.78,18.35,SAFETY (265% change)
Adventures of Willy Beamish - Sega CD Game,game only,loose,12.32,28.05,16.99,-11.06,3.88,APPLIED
Adventures of Willy Beamish - Sega CD Game,complete (cib),cib,52.51,28.05,70.99,42.94,16.12,SAFETY (153% change)
Adventures to Go - PSP Game,complete (cib),cib,11.0,6.53,14.99,8.46,3.26,SAFETY (130% change)
Aedis Eclipse Generation of Chaos - PSP Game,game only,loose,11.95,22.4,16.99,-5.41,4.25,APPLIED
Aedis Eclipse Generation of Chaos - PSP Game,complete (cib),cib,19.49,22.4,26.99,4.59,6.42,APPLIED
Aerial Assault - Sega Master System Game,game only,loose,10.07,15.56,13.99,-1.57,3.21,APPLIED
Aerial Assault - Sega Master System Game,complete (cib),cib,32.14,15.56,43.99,28.43,10.27,SAFETY (183% change)
Aero the Acro-Bat - Sega Genesis Game,game only,loose,13.69,14.85,18.99,4.14,4.45,APPLIED
Aero the Acro-Bat - Sega Genesis Game,complete (cib),cib,28.59,14.85,38.99,24.14,8.97,SAFETY (163% change)
Aero the Acro-Bat - SNES Game,game only,loose,11.93,14.49,16.99,2.5,4.27,APPLIED
Aero the Acro-Bat - SNES Game,complete (cib),cib,56.32,14.49,76.99,62.5,18.14,SAFETY (431% change)
Aero the Acro-Bat 2 - SNES Game,game only,loose,69.13,91.9,93.99,2.09,21.83,APPLIED
Aero the Acro-Bat 2 - SNES Game,complete (cib),cib,300.71,91.9,405.99,314.09,93.21,SAFETY (342% change)
Aerofighters Assault - Nintendo 64 Game,game only,loose,15.75,18.84,21.99,3.15,5.3,APPLIED
Aerofighters Assault - Nintendo 64 Game,complete (cib),cib,65.83,18.84,88.99,70.15,20.28,SAFETY (372% change)
After Burner - Sega 32X Game,game only,loose,10.75,72.86,14.99,-57.87,3.51,APPLIED
After Burner - Sega 32X Game,complete (cib),cib,24.99,72.86,33.99,-38.87,7.71,APPLIED
After Burner - Sega Master System Game,game only,loose,10.75,13.28,14.99,1.71,3.51,APPLIED
After Burner - Sega Master System Game,complete (cib),cib,24.99,13.28,33.99,20.71,7.71,SAFETY (156% change)
After Burner Black Falcon - PSP Game,game only,loose,13.61,18.24,18.99,0.75,4.53,APPLIED
After Burner Black Falcon - PSP Game,complete (cib),cib,21.04,18.24,28.99,10.75,6.81,APPLIED
After Burner II - Sega Genesis Game,game only,loose,10.75,18.02,14.99,-3.03,3.51,APPLIED
After Burner II - Sega Genesis Game,complete (cib),cib,24.99,18.02,33.99,15.97,7.71,SAFETY (89% change)
Agassi Tennis Generation - GBA Game,game only,loose,3.99,6.76,5.99,-0.77,1.53,APPLIED
Agassi Tennis Generation - GBA Game,complete (cib),cib,8.95,6.76,12.99,6.23,3.36,SAFETY (92% change)
Agassi Tennis Generation - PS2 Game,game only,loose,3.99,7.79,5.99,-1.8,1.53,APPLIED
Agassi Tennis Generation - PS2 Game,complete (cib),cib,8.95,7.79,12.99,5.2,3.36,APPLIED
Agatha Christie And Then There Were None - Wii Game,game only,loose,5.33,11.48,7.99,-3.49,2.13,APPLIED
Agatha Christie And Then There Were None - Wii Game,complete (cib),cib,6.67,11.48,9.99,-1.49,2.73,APPLIED
Agatha Christie Evil Under the Sun - Wii Game,game only,loose,9.0,11.54,12.99,1.45,3.31,APPLIED
Agatha Christie Evil Under the Sun - Wii Game,complete (cib),cib,9.07,11.54,12.99,1.45,3.24,APPLIED
Aggressive Inline - Gamecube Game,game only,loose,9.51,12.01,12.99,0.98,2.8,APPLIED
Aggressive Inline - Gamecube Game,complete (cib),cib,14.54,12.01,19.99,7.98,4.57,APPLIED
Aggressive Inline - GBA Game,game only,loose,5.49,7.25,7.99,0.74,1.97,APPLIED
Aggressive Inline - GBA Game,complete (cib),cib,13.67,7.25,18.99,11.74,4.47,SAFETY (162% change)
Aggressive Inline - PS2 Game,game only,loose,9.51,11.88,12.99,1.11,2.8,APPLIED
Aggressive Inline - PS2 Game,complete (cib),cib,14.54,11.88,19.99,8.11,4.57,APPLIED
AH-3 Thunderstrike - Sega CD Game,game only,loose,13.58,24.0,18.99,-5.01,4.56,APPLIED
AH-3 Thunderstrike - Sega CD Game,complete (cib),cib,19.66,24.0,26.99,2.99,6.25,APPLIED
Aidyn Chronicles - Nintendo 64 Game,game only,loose,44.99,79.99,60.99,-19.0,13.93,APPLIED
Aidyn Chronicles - Nintendo 64 Game,complete (cib),cib,105.99,40.56,143.99,103.43,33.52,SAFETY (255% change)
Air Buster - Sega Genesis Game,game only,loose,35.0,99.11,47.99,-51.12,11.3,APPLIED
Air Buster - Sega Genesis Game,complete (cib),cib,111.21,99.11,150.99,51.88,35.1,APPLIED
Air Combat - PS1 Game,game only,loose,6.22,11.8,8.99,-2.81,2.21,APPLIED
Air Combat - PS1 Game,complete (cib),cib,14.0,11.8,18.99,7.19,4.14,APPLIED
Air Conflicts - PSP Game,complete (cib),cib,19.48,19.34,26.99,7.65,6.43,APPLIED
Air Diver - Sega Genesis Game,complete (cib),cib,13.45,9.48,18.99,9.51,4.69,SAFETY (100% change)
Akuji the Heartless - PS1 Game,game only,loose,9.99,18.98,13.99,-4.99,3.29,APPLIED
Akuji the Heartless - PS1 Game,complete (cib),cib,23.7,18.98,32.99,14.01,8.03,APPLIED
Aladdin - Gameboy Color Game,game only,loose,15.75,22.63,21.99,-0.64,5.3,APPLIED
Aladdin - Gameboy Color Game,complete (cib),cib,66.2,22.63,89.99,67.36,20.88,SAFETY (298% change)
Aladdin - Gameboy Game,game only,loose,12.99,16.34,17.99,1.65,4.18,APPLIED
Aladdin - Gameboy Game,complete (cib),cib,125.11,16.34,168.99,152.65,38.68,SAFETY (934% change)
Aladdin - GBA Game,game only,loose,57.9,88.68,78.99,-9.69,18.5,APPLIED
Aladdin - GBA Game,complete (cib),cib,128.3,88.68,173.99,85.31,40.34,SAFETY (96% change)
Aladdin - Sega Genesis Game,game only,loose,9.0,14.37,12.99,-1.38,3.31,APPLIED
Aladdin - Sega Genesis Game,complete (cib),cib,19.95,14.37,26.99,12.62,5.96,SAFETY (88% change)
Aladdin - SNES Game,game only,loose,15.66,20.95,21.99,1.04,5.39,APPLIED
Aladdin - SNES Game,complete (cib),cib,51.5,20.95,69.99,49.04,16.16,SAFETY (234% change)
Alex Rider Stormbreaker - GBA Game,game only,loose,5.64,5.42,7.99,2.57,1.82,APPLIED
Alex Rider Stormbreaker - GBA Game,complete (cib),cib,12.01,5.42,16.99,11.57,4.19,SAFETY (213% change)
Alf - Sega Master System Game,game only,loose,25.0,134.62,33.99,-100.63,7.7,APPLIED
Alf - Sega Master System Game,complete (cib),cib,146.13,134.62,197.99,63.37,45.82,APPLIED
Alfred Chicken - Gameboy Game,game only,loose,25.0,23.19,33.99,10.8,7.7,APPLIED
Alfred Chicken - Gameboy Game,complete (cib),cib,146.13,23.19,197.99,174.8,45.82,SAFETY (754% change)
Alias - PS2 Game,game only,loose,8.81,9.79,11.99,2.2,2.53,APPLIED
Alias - PS2 Game,complete (cib),cib,8.99,9.79,12.99,3.2,3.32,APPLIED
Alias - Xbox Game,game only,loose,8.81,10.31,11.99,1.68,2.53,APPLIED
Alias - Xbox Game,complete (cib),cib,8.99,10.31,12.99,2.68,3.32,APPLIED
Alien 3 - SNES Game,complete (cib),cib,114.02,29.67,153.99,124.32,35.2,SAFETY (419% change)
Alien Front Online - Sega Dreamcast Game,game only,loose,24.08,27.18,32.99,5.81,7.65,APPLIED
Alien Front Online - Sega Dreamcast Game,complete (cib),cib,28.49,27.18,38.99,11.81,9.07,APPLIED
Alien Hominid - Gamecube Game,game only,loose,44.99,85.16,60.99,-24.17,13.93,APPLIED
Alien Hominid - Gamecube Game,complete (cib),cib,69.84,85.16,94.99,9.83,22.1,APPLIED
Alien Hominid - PS2 Game,game only,loose,44.99,36.48,60.99,24.51,13.93,APPLIED
Alien Hominid - PS2 Game,complete (cib),cib,69.84,36.48,94.99,58.51,22.1,SAFETY (160% change)
Alien Monster Bowling League - Wii Game,complete (cib),cib,7.62,9.08,10.99,1.91,2.75,APPLIED
Alien Resurrection - PS1 Game,game only,loose,45.0,49.98,60.99,11.01,13.92,APPLIED
Alien Resurrection - PS1 Game,complete (cib),cib,59.14,49.98,79.99,30.01,18.23,APPLIED
Alien Storm - Sega Genesis Game,game only,loose,24.02,36.25,32.99,-3.26,7.71,APPLIED
Alien Storm - Sega Genesis Game,complete (cib),cib,59.02,36.25,79.99,43.74,18.35,SAFETY (121% change)
Alien Syndrome - NES Game,game only,loose,4.99,22.17,6.99,-15.18,1.5,APPLIED
Alien Syndrome - NES Game,complete (cib),cib,6.98,22.17,9.99,-12.18,2.42,APPLIED
Alien Syndrome - PSP Game,game only,loose,7.3,13.6,9.99,-3.61,2.1,APPLIED
Alien Syndrome - PSP Game,complete (cib),cib,12.62,13.6,17.99,4.39,4.55,APPLIED
Alien Syndrome - Wii Game,game only,loose,4.99,10.12,6.99,-3.13,1.5,APPLIED
Alien Trilogy - PS1 Game,game only,loose,18.8,31.22,25.99,-5.23,6.14,APPLIED
Alien Trilogy - PS1 Game,complete (cib),cib,32.41,31.22,43.99,12.77,10.0,APPLIED
Alien Trilogy - Sega Saturn Game,game only,loose,31.99,99.99,43.99,-56.0,10.42,APPLIED
Alien Trilogy - Sega Saturn Game,complete (cib),cib,78.02,99.99,105.99,6.0,24.6,APPLIED
Alien vs Predator - SNES Game,game only,loose,36.51,50.72,49.99,-0.73,11.73,APPLIED
Alien vs Predator - SNES Game,complete (cib),cib,150.0,50.72,202.99,152.27,46.8,SAFETY (300% change)
Alienators Evolution Continues - GBA Game,game only,loose,6.03,4.22,8.99,4.77,2.4,SAFETY (113% change)
Alienators Evolution Continues - GBA Game,complete (cib),cib,23.22,4.22,31.99,27.77,7.54,SAFETY (658% change)
Aliens in the Attic - Wii Game,game only,loose,6.77,6.09,9.99,3.9,2.63,APPLIED
Aliens in the Attic - Wii Game,complete (cib),cib,6.99,6.09,9.99,3.9,2.41,APPLIED
Aliens Thanatos Encounter - Gameboy Color Game,game only,loose,49.99,47.17,67.99,20.82,15.73,APPLIED
Aliens Thanatos Encounter - Gameboy Color Game,complete (cib),cib,193.12,47.17,260.99,213.82,60.0,SAFETY (453% change)
Aliens vs. Predator Requiem - PSP Game,game only,loose,15.0,15.98,20.99,5.01,5.08,APPLIED
Aliens vs. Predator Requiem - PSP Game,complete (cib),cib,21.24,15.98,28.99,13.01,6.61,SAFETY (81% change)
Alisia Dragoon - Sega Genesis Game,game only,loose,58.08,109.58,78.99,-30.59,18.32,APPLIED
Alisia Dragoon - Sega Genesis Game,complete (cib),cib,125.21,109.58,169.99,60.41,39.55,APPLIED
All-Star Baseball 2000 - Gameboy Color Game,complete (cib),cib,16.07,7.24,21.99,14.75,4.98,SAFETY (204% change)
All-Star Baseball 2001 - Gameboy Color Game,game only,loose,6.25,6.82,8.99,2.17,2.18,APPLIED
All-Star Baseball 2001 - Gameboy Color Game,complete (cib),cib,11.83,6.82,15.99,9.17,3.4,SAFETY (134% change)
All-Star Baseball 2002 - PS2 Game,game only,loose,6.89,7.49,9.99,2.5,2.51,APPLIED
All-Star Baseball 2002 - PS2 Game,complete (cib),cib,8.54,7.49,11.99,4.5,2.8,APPLIED
All-Star Baseball 2003 - GBA Game,complete (cib),cib,14.3,7.24,19.99,12.75,4.81,SAFETY (176% change)
All-Star Baseball 2004 - PS2 Game,game only,loose,3.58,7.03,4.99,-2.04,0.97,APPLIED
All-Star Baseball 2004 - PS2 Game,complete (cib),cib,13.68,7.03,18.99,11.96,4.46,SAFETY (170% change)
All-Star Baseball 2004 - Xbox Game,game only,loose,4.78,5.18,6.99,1.81,1.71,APPLIED
All-Star Baseball 2004 - Xbox Game,complete (cib),cib,10.65,5.18,14.99,9.81,3.61,SAFETY (189% change)
All-Star Baseball 2005 - PS2 Game,game only,loose,7.7,8.3,10.99,2.69,2.67,APPLIED
All-Star Baseball 2005 - PS2 Game,complete (cib),cib,7.95,8.3,10.99,2.69,2.42,APPLIED
All-Star Baseball 2005 - Xbox Game,game only,loose,7.7,5.39,10.99,5.6,2.67,SAFETY (104% change)
All-Star Baseball 2005 - Xbox Game,complete (cib),cib,7.95,5.39,10.99,5.6,2.42,SAFETY (104% change)
All-Star Karate - Wii Game,game only,loose,5.88,10.29,7.99,-2.3,1.58,APPLIED
Alleyway - Gameboy Game,complete (cib),cib,51.98,14.43,70.99,56.56,16.65,SAFETY (392% change)
Alone in the Dark - PS2 Game,game only,loose,5.59,10.75,7.99,-2.76,1.87,APPLIED
Alone in the Dark - PS2 Game,complete (cib),cib,8.75,10.75,11.99,1.24,2.59,APPLIED
Alone in the Dark - Wii Game,complete (cib),cib,8.75,7.63,11.99,4.36,2.59,APPLIED
Alone In The Dark The New Nightmare - Gameboy Color Game,game only,loose,33.27,36.76,44.99,8.23,10.12,APPLIED
Alone In The Dark The New Nightmare - Gameboy Color Game,complete (cib),cib,60.0,36.76,81.99,45.23,19.31,SAFETY (123% change)
Alone In The Dark The New Nightmare - PS1 Game,game only,loose,33.27,41.61,44.99,3.38,10.12,APPLIED
Alone In The Dark The New Nightmare - PS1 Game,complete (cib),cib,60.0,41.61,81.99,40.38,19.31,SAFETY (97% change)
Alter Echo - PS2 Game,game only,loose,7.28,15.18,9.99,-5.19,2.12,APPLIED
Alter Echo - PS2 Game,complete (cib),cib,11.72,15.18,15.99,0.81,3.51,APPLIED
Alter Echo - Xbox Game,game only,loose,7.28,11.81,9.99,-1.82,2.12,APPLIED
Alter Echo - Xbox Game,complete (cib),cib,11.72,11.81,15.99,4.18,3.51,APPLIED
Altered Beast - Sega Genesis Game,game only,loose,12.08,17.76,16.99,-0.77,4.12,APPLIED
Altered Beast - Sega Genesis Game,complete (cib),cib,21.27,17.76,28.99,11.23,6.58,APPLIED
Altered Beast Guardian of the Realms - GBA Game,game only,loose,27.3,26.11,36.99,10.88,8.32,APPLIED
Altered Beast Guardian of the Realms - GBA Game,complete (cib),cib,80.99,26.11,109.99,83.88,25.51,SAFETY (321% change)
Altered Space - Gameboy Game,game only,loose,21.43,21.55,28.99,7.44,6.42,APPLIED
Altered Space - Gameboy Game,complete (cib),cib,147.43,21.55,199.99,178.44,46.46,SAFETY (828% change)
Alvin And The Chipmunks The Game - PS2 Game,game only,loose,3.76,8.51,5.99,-2.52,1.76,APPLIED
Alvin And The Chipmunks The Game - PS2 Game,complete (cib),cib,5.6,8.51,7.99,-0.52,1.86,APPLIED
Alvin And The Chipmunks The Game - Wii Game,complete (cib),cib,5.6,5.54,7.99,2.45,1.86,APPLIED
Amazing Spider-Man vs. The Kingpin - Sega CD Game,game only,loose,23.41,56.8,31.99,-24.81,7.35,APPLIED
Amazing Spider-Man vs. The Kingpin - Sega CD Game,complete (cib),cib,59.99,56.8,80.99,24.19,18.35,APPLIED
Amazing Spiderman - Gameboy Game,game only,loose,14.33,18.13,19.99,1.86,4.78,APPLIED
Amazing Spiderman - Gameboy Game,complete (cib),cib,58.0,18.13,78.99,60.86,18.4,SAFETY (336% change)
America's Army: Rise of a Soldier - Xbox Game,game only,loose,4.46,8.73,6.99,-1.74,2.03,APPLIED
America's Army: Rise of a Soldier - Xbox Game,complete (cib),cib,8.34,8.73,11.99,3.26,3.0,APPLIED
American Chopper - PS2 Game,game only,loose,3.99,7.51,5.99,-1.52,1.53,APPLIED
American Chopper - PS2 Game,complete (cib),cib,4.43,7.51,5.99,-1.52,1.09,APPLIED
American Chopper - Xbox Game,game only,loose,3.99,3.96,5.99,2.03,1.53,APPLIED
American Chopper - Xbox Game,complete (cib),cib,4.43,3.96,5.99,2.03,1.09,APPLIED
American Chopper 2 Full Throttle - PS2 Game,game only,loose,4.87,6.0,6.99,0.99,1.62,APPLIED
American Chopper 2 Full Throttle - PS2 Game,complete (cib),cib,7.55,6.0,10.99,4.99,2.82,SAFETY (83% change)
American Chopper 2 Full Throttle - Xbox Game,game only,loose,3.67,6.81,4.99,-1.82,0.88,APPLIED
American Chopper 2 Full Throttle - Xbox Game,complete (cib),cib,4.42,6.81,5.99,-0.82,1.1,APPLIED
American Dragon Jake Long Rise of the Huntsclan - GBA Game,game only,loose,8.09,8.24,10.99,2.75,2.28,APPLIED
American Dragon Jake Long Rise of the Huntsclan - GBA Game,complete (cib),cib,30.02,8.24,40.99,32.75,9.48,SAFETY (397% change)
American Gladiators - NES Game,game only,loose,8.1,12.66,10.99,-1.67,2.27,APPLIED
American Gladiators - NES Game,complete (cib),cib,34.81,12.66,47.99,35.33,11.49,SAFETY (279% change)
American McGee Presents Scrapland - Xbox Game,game only,loose,13.85,18.41,18.99,0.58,4.29,APPLIED
American McGee Presents Scrapland - Xbox Game,complete (cib),cib,16.84,18.41,22.99,4.58,5.18,APPLIED
American Mensa Academy - Wii Game,game only,loose,69.99,145.42,94.99,-50.43,21.95,APPLIED
American Mensa Academy - Wii Game,complete (cib),cib,71.48,145.42,96.99,-48.43,22.4,APPLIED
AMF Bowling Pinbusters - Wii Game,game only,loose,6.54,7.82,8.99,1.17,1.89,APPLIED
AMF Bowling Pinbusters - Wii Game,complete (cib),cib,7.49,7.82,10.99,3.17,2.88,APPLIED
AMF Bowling World La - NES Game - Wii Game,game only,loose,7.25,9.1,9.99,0.89,2.15,APPLIED
AMF Bowling World La - NES Game - Wii Game,complete (cib),cib,8.7,9.1,11.99,2.89,2.64,APPLIED
AMF Xtreme Bowling - PS2 Game,game only,loose,5.0,6.18,6.99,0.81,1.49,APPLIED
AMF Xtreme Bowling - PS2 Game,complete (cib),cib,10.31,6.18,13.99,7.81,2.97,SAFETY (126% change)
Amok - Sega Saturn Game,game only,loose,24.98,25.6,33.99,8.39,7.72,APPLIED
Amok - Sega Saturn Game,complete (cib),cib,31.5,25.6,42.99,17.39,9.94,APPLIED
And 1 Streetball - PS2 Game,game only,loose,8.66,16.99,11.99,-5.0,2.68,APPLIED
And 1 Streetball - PS2 Game,complete (cib),cib,13.25,16.99,17.99,1.0,3.92,APPLIED
Andretti Racing - PS1 Game,game only,loose,10.0,7.96,13.99,6.03,3.28,APPLIED
Andretti Racing - PS1 Game,complete (cib),cib,17.18,7.96,23.99,16.03,5.81,SAFETY (201% change)
Andretti Racing - Sega Saturn Game,game only,loose,10.0,15.52,13.99,-1.53,3.28,APPLIED
Andretti Racing - Sega Saturn Game,complete (cib),cib,17.18,15.52,23.99,8.47,5.81,APPLIED
Angry Birds Star Wars - Wii Game,game only,loose,7.49,8.5,10.99,2.49,2.88,APPLIED
Angry Birds Star Wars - Wii Game,complete (cib),cib,9.0,8.5,12.99,4.49,3.31,APPLIED
Animal Crossing - Gamecube Game,game only,loose,48.85,62.56,65.99,3.43,14.93,APPLIED
Animal Crossing - Gamecube Game,complete (cib),cib,65.08,62.56,87.99,25.43,20.06,APPLIED
Animal Snap - GBA Game,complete (cib),cib,12.99,7.32,17.99,10.67,4.18,SAFETY (146% change)
Animaniacs - Gameboy Game,game only,loose,12.29,18.78,16.99,-1.79,3.91,APPLIED
Animaniacs - Gameboy Game,complete (cib),cib,50.0,18.78,67.99,49.21,15.72,SAFETY (262% change)
Animaniacs - Sega Genesis Game,game only,loose,10.49,16.56,14.99,-1.57,3.77,APPLIED
Animaniacs - Sega Genesis Game,complete (cib),cib,22.39,16.56,30.99,14.43,7.4,SAFETY (87% change)
Animaniacs - SNES Game,game only,loose,12.29,15.91,16.99,1.08,3.91,APPLIED
Animaniacs - SNES Game,complete (cib),cib,50.0,15.91,67.99,52.08,15.72,SAFETY (327% change)
Animaniacs The Great Edgar Hunt - Gamecube Game,game only,loose,63.78,107.29,86.99,-20.3,20.39,APPLIED
Animaniacs The Great Edgar Hunt - Gamecube Game,complete (cib),cib,134.99,107.29,182.99,75.7,42.39,APPLIED
Antz - Gameboy Color Game,complete (cib),cib,13.5,9.96,18.99,9.03,4.64,SAFETY (91% change)
Antz Extreme Racing - PS2 Game,game only,loose,6.5,8.02,8.99,0.97,1.93,APPLIED
Antz Extreme Racing - PS2 Game,complete (cib),cib,10.39,8.02,14.99,6.97,3.87,SAFETY (87% change)
Antz Racing - Gameboy Color Game,game only,loose,8.5,10.08,11.99,1.91,2.84,APPLIED
Antz Racing - Gameboy Color Game,complete (cib),cib,35.0,10.08,47.99,37.91,11.3,SAFETY (376% change)
Ape Escape Academy - PSP Game,game only,loose,9.57,14.38,12.99,-1.39,2.74,APPLIED
Ape Escape On the Loose - PSP Game,complete (cib),cib,13.74,14.38,18.99,4.61,4.4,APPLIED
Aquatic Games Starring James Pond - Sega Genesis Game,game only,loose,10.0,11.59,13.99,2.4,3.28,APPLIED
Aquatic Games Starring James Pond - Sega Genesis Game,complete (cib),cib,25.04,11.59,33.99,22.4,7.66,SAFETY (193% change)
Arch Rivals - NES Game,game only,loose,9.49,10.54,12.99,2.45,2.82,APPLIED
Arch Rivals - NES Game,complete (cib),cib,126.93,10.54,171.99,161.45,39.77,SAFETY (1532% change)
Arch Rivals - Sega Genesis Game,game only,loose,9.49,16.17,12.99,-3.18,2.82,APPLIED
Arch Rivals - Sega Genesis Game,complete (cib),cib,126.93,16.17,171.99,155.82,39.77,SAFETY (964% change)
Arctic Tale - GBA Game,game only,loose,2.77,7.41,3.99,-3.42,0.8,APPLIED
Arctic Tale - GBA Game,complete (cib),cib,6.45,7.41,8.99,1.58,1.98,APPLIED
Arctic Tale - Wii Game,game only,loose,2.77,7.63,3.99,-3.64,0.8,APPLIED
Arctic Tale - Wii Game,complete (cib),cib,6.45,7.63,8.99,1.36,1.98,APPLIED
Area 51 - PS1 Game,game only,loose,28.09,21.32,37.99,16.67,8.5,APPLIED
Area 51 - PS1 Game,complete (cib),cib,50.0,21.32,67.99,46.67,15.72,SAFETY (219% change)
Area 51 - PS2 Game,game only,loose,28.09,27.49,37.99,10.5,8.5,APPLIED
Area 51 - PS2 Game,complete (cib),cib,50.0,27.49,67.99,40.5,15.72,SAFETY (147% change)
Area 51 - Sega Saturn Game,game only,loose,28.09,43.84,37.99,-5.85,8.5,APPLIED
Area 51 - Sega Saturn Game,complete (cib),cib,50.0,43.84,67.99,24.15,15.72,APPLIED
Arena Football - PS2 Game,game only,loose,5.16,9.52,6.99,-2.53,1.33,APPLIED
Arena Football - PS2 Game,complete (cib),cib,7.52,9.52,10.99,1.47,2.85,APPLIED
Ariel the Little Mermaid - Sega Genesis Game,game only,loose,7.71,14.57,10.99,-3.58,2.66,APPLIED
Ariel the Little Mermaid - Sega Genesis Game,complete (cib),cib,32.75,14.57,44.99,30.42,10.64,SAFETY (209% change)
Armed and Dangerous - Xbox Game,game only,loose,7.95,13.06,10.99,-2.07,2.42,APPLIED
Armed and Dangerous - Xbox Game,complete (cib),cib,9.99,13.06,13.99,0.93,3.29,APPLIED
Armori - NES Game Project SWARM - Gameboy Color Game,game only,loose,6.0,11.95,8.99,-2.96,2.43,APPLIED
Armori - NES Game Project SWARM - Gameboy Color Game,complete (cib),cib,19.05,11.95,25.99,14.04,5.89,SAFETY (117% change)
Armori - NES Game Project SWARM - Nintendo 64 Game,game only,loose,13.4,17.84,18.99,1.15,4.74,APPLIED
Armori - NES Game Project SWARM - Nintendo 64 Game,complete (cib),cib,55.42,17.84,74.99,57.15,17.1,SAFETY (320% change)
Army Men - Gameboy Color Game,game only,loose,14.13,10.83,19.99,9.16,4.98,SAFETY (85% change)
Army Men - Gameboy Color Game,complete (cib),cib,32.12,10.83,43.99,33.16,10.29,SAFETY (306% change)
Army Men 2 - Gameboy Color Game,complete (cib),cib,19.93,10.59,26.99,16.4,5.98,SAFETY (155% change)
Army Men Air Combat - Gameboy Color Game,game only,loose,10.12,13.41,13.99,0.58,3.16,APPLIED
Army Men Air Combat - Gameboy Color Game,complete (cib),cib,22.81,13.41,30.99,17.58,6.98,SAFETY (131% change)
Army Men Air Combat Elite Missions - Gamecube Game,game only,loose,19.99,18.6,26.99,8.39,5.92,APPLIED
Army Men Air Combat Elite Missions - Gamecube Game,complete (cib),cib,29.21,18.6,39.99,21.39,9.32,SAFETY (115% change)
Army Men Major Malfunction - Xbox Game,game only,loose,10.5,12.46,14.99,2.53,3.76,APPLIED
Army Men Major Malfunction - Xbox Game,complete (cib),cib,13.69,12.46,18.99,6.53,4.45,APPLIED
Army Men Operation Green - GBA Game,game only,loose,21.0,26.09,28.99,2.9,6.85,APPLIED
Army Men Operation Green - GBA Game,complete (cib),cib,66.22,26.09,89.99,63.9,20.86,SAFETY (245% change)
Army Men RTS - Gamecube Game,game only,loose,9.7,15.42,13.99,-1.43,3.58,APPLIED
Army Men RTS - Gamecube Game,complete (cib),cib,15.0,15.42,20.99,5.57,5.08,APPLIED
Army Men Sarge's Heroes - Nintendo 64 Game,game only,loose,16.49,25.65,22.99,-2.66,5.53,APPLIED
Army Men Sarge's Heroes - Nintendo 64 Game,complete (cib),cib,52.94,25.65,71.99,46.34,16.66,SAFETY (181% change)
Army Men Sarge's Heroes - Sega Dreamcast Game,game only,loose,24.63,31.49,33.99,2.5,8.07,APPLIED
Army Men Sarge's Heroes - Sega Dreamcast Game,complete (cib),cib,24.99,31.49,33.99,2.5,7.71,APPLIED
Army Men Sarge's Heroes 2 - Gameboy Color Game,game only,loose,10.99,10.86,14.99,4.13,3.27,APPLIED
Army Men Sarge's Heroes 2 - Gameboy Color Game,complete (cib),cib,23.85,10.86,32.99,22.13,7.88,SAFETY (204% change)
Army Men Sarge's Heroes 2 - Nintendo 64 Game,game only,loose,10.99,39.99,14.99,-25.0,3.27,APPLIED
Army Men Sarge's Heroes 2 - PS1 Game,game only,loose,10.99,18.98,14.99,-3.99,3.27,APPLIED
Army Men Sarge's Heroes 2 - PS1 Game,complete (cib),cib,23.85,18.98,32.99,14.01,7.88,APPLIED
Army Men Sarge's Heroes 2 - PS2 Game,game only,loose,10.99,16.19,14.99,-1.2,3.27,APPLIED
Army Men Sarge's Heroes 2 - PS2 Game,complete (cib),cib,23.85,16.19,32.99,16.8,7.88,SAFETY (104% change)
Army Men Sarge's War - Gamecube Game,game only,loose,11.22,12.31,15.99,3.68,4.01,APPLIED
Army Men Sarge's War - Gamecube Game,complete (cib),cib,15.0,12.31,20.99,8.68,5.08,APPLIED
Army Men Sarge's War - Xbox Game,game only,loose,7.99,12.13,10.99,-1.14,2.38,APPLIED
Army Men Sarge's War - Xbox Game,complete (cib),cib,13.37,12.13,18.99,6.86,4.77,APPLIED
Army Men Turf Wars - GBA Game,game only,loose,17.47,27.8,23.99,-3.81,5.52,APPLIED
Army Men Turf Wars - GBA Game,complete (cib),cib,88.21,27.8,119.99,92.19,28.0,SAFETY (332% change)
Arx Fatalis - Xbox Game,game only,loose,33.51,51.15,45.99,-5.16,10.85,APPLIED
Arx Fatalis - Xbox Game,complete (cib),cib,58.2,51.15,78.99,27.84,18.2,APPLIED
Assault City - Sega Master System Game,game only,loose,100.51,50.74,135.99,85.25,31.24,SAFETY (168% change)
Assault City - Sega Master System Game,complete (cib),cib,271.46,50.74,366.99,316.25,84.59,SAFETY (623% change)
Astal - Sega Saturn Game,game only,loose,49.99,75.76,67.99,-7.77,15.73,APPLIED
Astal - Sega Saturn Game,complete (cib),cib,101.88,75.76,137.99,62.23,31.81,SAFETY (82% change)
Asterix - Sega Master System Game,game only,loose,5.6,42.86,7.99,-34.87,1.86,SAFETY (81% change)
Asterix - Sega Master System Game,complete (cib),cib,51.38,42.86,69.99,27.13,16.28,APPLIED
Asterix and the Great Rescue - Sega Genesis Game,game only,loose,5.6,15.86,7.99,-7.87,1.86,APPLIED
Asterix and the Great Rescue - Sega Genesis Game,complete (cib),cib,51.38,15.86,69.99,54.13,16.28,SAFETY (341% change)
Asterix and the Great Rescue - Sega Master System Game,game only,loose,5.6,34.93,7.99,-26.94,1.86,APPLIED
Asterix and the Great Rescue - Sega Master System Game,complete (cib),cib,51.38,34.93,69.99,35.06,16.28,SAFETY (100% change)
Asteroids - Gameboy Color Game,game only,loose,9.13,11.76,12.99,1.23,3.18,APPLIED
Asteroids - Gameboy Color Game,complete (cib),cib,28.45,11.76,38.99,27.23,9.11,SAFETY (232% change)
Asteroids - Gameboy Game,game only,loose,9.13,18.33,12.99,-5.34,3.18,APPLIED
Asteroids - Gameboy Game,complete (cib),cib,28.45,18.33,38.99,20.66,9.11,SAFETY (113% change)
Asteroids - PS1 Game,game only,loose,9.13,8.15,12.99,4.84,3.18,APPLIED
Asteroids - PS1 Game,complete (cib),cib,28.45,8.15,38.99,30.84,9.11,SAFETY (378% change)
Astro Boy Omega Factor - GBA Game,game only,loose,66.38,99.54,89.99,-9.55,20.7,APPLIED
Astro Boy Omega Factor - GBA Game,complete (cib),cib,131.13,99.54,177.99,78.45,41.4,APPLIED
Atari Anniversary Advance - GBA Game,game only,loose,9.11,14.75,12.99,-1.76,3.2,APPLIED
Atari Anniversary Advance - GBA Game,complete (cib),cib,24.95,14.75,33.99,19.24,7.75,SAFETY (130% change)
Atari Anniversary Edition - Sega Dreamcast Game,game only,loose,8.99,9.58,12.99,3.41,3.32,APPLIED
Atari Anniversary Edition - Sega Dreamcast Game,complete (cib),cib,13.99,9.58,18.99,9.41,4.15,SAFETY (98% change)
Atlantis The Lost Empire - Gameboy Color Game,game only,loose,6.97,11.86,9.99,-1.87,2.43,APPLIED
Atlantis The Lost Empire - Gameboy Color Game,complete (cib),cib,37.41,11.86,50.99,39.13,11.8,SAFETY (330% change)
Atlantis The Lost Empire - PS1 Game,game only,loose,6.97,21.72,9.99,-11.73,2.43,APPLIED
Atlantis The Lost Empire - PS1 Game,complete (cib),cib,37.41,21.72,50.99,29.27,11.8,SAFETY (135% change)
Atomic Betty - GBA Game,game only,loose,6.19,18.68,8.99,-9.69,2.24,APPLIED
Atomic Betty - GBA Game,complete (cib),cib,29.2,18.68,39.99,21.31,9.33,SAFETY (114% change)
ATV Quad Power Racing 2 - Gamecube Game,game only,loose,9.99,12.68,13.99,1.31,3.29,APPLIED
ATV Quad Power Racing 2 - Gamecube Game,complete (cib),cib,10.5,12.68,14.99,2.31,3.76,APPLIED
ATV Quad Power Racing 2 - PS2 Game,game only,loose,9.99,10.43,13.99,3.56,3.29,APPLIED
ATV Quad Power Racing 2 - PS2 Game,complete (cib),cib,10.5,10.43,14.99,4.56,3.76,APPLIED
Austin Powers Oh Behave - Gameboy Color Game,game only,loose,14.43,21.01,19.99,-1.02,4.68,APPLIED
Austin Powers Oh Behave - Gameboy Color Game,complete (cib),cib,38.0,21.01,51.99,30.98,12.18,SAFETY (147% change)
Austin Powers Welcome to my Underground Lair - Gameboy Color Game,game only,loose,7.99,14.99,10.99,-4.0,2.38,APPLIED
Austin Powers Welcome to my Underground Lair - Gameboy Color Game,complete (cib),cib,30.96,14.99,41.99,27.0,9.51,SAFETY (180% change)
Auto Modellista - Gamecube Game,game only,loose,67.77,103.83,91.99,-11.84,21.25,APPLIED
Auto Modellista - Gamecube Game,complete (cib),cib,140.5,103.83,189.99,86.16,43.68,SAFETY (83% change)
Auto Modellista - PS2 Game,game only,loose,67.77,28.31,91.99,63.68,21.25,SAFETY (225% change)
Auto Modellista - PS2 Game,complete (cib),cib,140.5,28.31,189.99,161.68,43.68,SAFETY (571% change)
Avatar the Last Airbender - Gamecube Game,game only,loose,10.57,10.29,14.99,4.7,3.69,APPLIED
Avatar the Last Airbender - Gamecube Game,complete (cib),cib,10.9,10.29,14.99,4.7,3.36,APPLIED
Aztec Adventure - Sega Master System Game,game only,loose,14.07,14.5,19.99,5.49,5.04,APPLIED
Aztec Adventure - Sega Master System Game,complete (cib),cib,59.99,14.5,80.99,66.49,18.35,SAFETY (459% change)
Azure Dreams - PS1 Game,game only,loose,75.98,95.0,102.99,7.99,23.72,APPLIED
Azure Dreams - PS1 Game,complete (cib),cib,182.25,95.0,246.99,151.99,57.28,SAFETY (160% change)
Backyard Baseball - Gamecube Game,game only,loose,19.99,39.99,26.99,-13.0,5.92,APPLIED
Backyard Baseball - Gamecube Game,complete (cib),cib,29.99,39.99,40.99,1.0,9.51,APPLIED
Backyard Baseball - PS2 Game,game only,loose,19.99,13.21,26.99,13.78,5.92,SAFETY (104% change)
Backyard Baseball - PS2 Game,complete (cib),cib,29.99,13.21,40.99,27.78,9.51,SAFETY (210% change)
Backyard Football - Gamecube Game,game only,loose,8.0,13.1,10.99,-2.11,2.37,APPLIED
Backyard Football - Gamecube Game,complete (cib),cib,11.1,13.1,14.99,1.89,3.16,APPLIED
Backyard Football - GBA Game,complete (cib),cib,11.1,10.86,14.99,4.13,3.16,APPLIED
Bad Boys Miami Takedown - Gamecube Game,game only,loose,15.0,14.71,20.99,6.28,5.08,APPLIED
Bad Boys Miami Takedown - Gamecube Game,complete (cib),cib,20.99,14.71,28.99,14.28,6.86,SAFETY (97% change)
Bad Boys Miami Takedown - PS2 Game,game only,loose,15.0,8.3,20.99,12.69,5.08,SAFETY (153% change)
Bad Boys Miami Takedown - PS2 Game,complete (cib),cib,20.99,8.3,28.99,20.69,6.86,SAFETY (249% change)
Baldur's Gate Dark Alliance - Gamecube Game,game only,loose,21.66,27.9,29.99,2.09,7.16,APPLIED
Baldur's Gate Dark Alliance - Gamecube Game,complete (cib),cib,32.57,27.9,43.99,16.09,9.84,APPLIED
Baldur's Gate Dark Alliance - GBA Game,game only,loose,21.66,57.07,29.99,-27.08,7.16,APPLIED
Baldur's Gate Dark Alliance - GBA Game,complete (cib),cib,32.57,57.07,43.99,-13.08,9.84,APPLIED
Ballistic - PS1 Game,game only,loose,9.05,8.93,12.99,4.06,3.26,APPLIED
Ballistic - PS1 Game,complete (cib),cib,15.99,8.93,21.99,13.06,5.06,SAFETY (146% change)
Bangai-O - Sega Dreamcast Game,game only,loose,67.34,116.53,90.99,-25.54,20.71,APPLIED
Bangai-O - Sega Dreamcast Game,complete (cib),cib,125.99,116.53,170.99,54.46,39.74,APPLIED
Barbie - NES Game,game only,loose,8.99,16.11,12.99,-3.12,3.32,APPLIED
Barbie - NES Game,complete (cib),cib,9.93,16.11,13.99,-2.12,3.35,APPLIED
Barbie and Her Sisters: Puppy Rescue - Wii Game,game only,loose,8.99,19.36,12.99,-6.37,3.32,APPLIED
Barbie and Her Sisters: Puppy Rescue - Wii Game,complete (cib),cib,9.93,19.36,13.99,-5.37,3.35,APPLIED
Barnyard - GBA Game,game only,loose,22.29,10.98,30.99,20.01,7.5,SAFETY (182% change)
Barnyard - GBA Game,complete (cib),cib,29.99,10.98,40.99,30.01,9.51,SAFETY (273% change)
Barnyard - Wii Game,game only,loose,22.29,19.04,30.99,11.95,7.5,APPLIED
Barnyard - Wii Game,complete (cib),cib,29.99,19.04,40.99,21.95,9.51,SAFETY (115% change)
Baseball - Gameboy Game,game only,loose,11.19,10.35,15.99,5.64,4.04,APPLIED
Baseball - Gameboy Game,complete (cib),cib,90.2,10.35,121.99,111.64,27.95,SAFETY (1079% change)
Bases Loaded - NES Game,game only,loose,14.99,8.4,20.99,12.59,5.09,SAFETY (150% change)
Bases Loaded - NES Game,complete (cib),cib,24.99,8.4,33.99,25.59,7.71,SAFETY (305% change)
Bassmasters Classic - Gameboy Color Game,complete (cib),cib,16.66,8.89,22.99,14.1,5.36,SAFETY (159% change)
Baten Kaitos - Gamecube Game,game only,loose,25.0,65.1,33.99,-31.11,7.7,APPLIED
Baten Kaitos - Gamecube Game,complete (cib),cib,30.0,65.1,40.99,-24.11,9.5,APPLIED
Baten Kaitos Origins - Gamecube Game,game only,loose,25.0,115.09,33.99,-81.1,7.7,APPLIED
Baten Kaitos Origins - Gamecube Game,complete (cib),cib,30.0,115.09,40.99,-74.1,9.5,APPLIED
Batman Forever - Gameboy Game,game only,loose,105.15,16.65,141.99,125.34,32.42,SAFETY (753% change)
Batman Forever - Gameboy Game,complete (cib),cib,241.15,16.65,325.99,309.34,75.09,SAFETY (1858% change)
Batman Forever - SNES Game,game only,loose,105.15,12.3,141.99,129.69,32.42,SAFETY (1054% change)
Batman Forever - SNES Game,complete (cib),cib,241.15,12.3,325.99,313.69,75.09,SAFETY (2550% change)
Batman Returns - NES Game,game only,loose,37.19,36.48,50.99,14.51,12.02,APPLIED
Batman Returns - NES Game,complete (cib),cib,88.21,36.48,119.99,83.51,28.0,SAFETY (229% change)
Batman Returns - Sega Genesis Game,game only,loose,37.19,19.39,50.99,31.6,12.02,SAFETY (163% change)
Batman Returns - Sega Genesis Game,complete (cib),cib,88.21,19.39,119.99,100.6,28.0,SAFETY (519% change)
Batman Returns - SNES Game,game only,loose,37.19,28.99,50.99,22.0,12.02,APPLIED
Batman Returns - SNES Game,complete (cib),cib,88.21,28.99,119.99,91.0,28.0,SAFETY (314% change)
Batman: Arkham City Armored Edition - Wii U Game,game only,loose,9.88,18.5,13.99,-4.51,3.4,APPLIED
Batman: Arkham City Armored Edition - Wii U Game,complete (cib),cib,11.41,18.5,15.99,-2.51,3.82,APPLIED
Battle Arena Toshinden Remix - Sega Saturn Game,game only,loose,10.6,31.98,14.99,-16.99,3.66,APPLIED
Battle Arena Toshinden Remix - Sega Saturn Game,complete (cib),cib,22.4,31.98,30.99,-0.99,7.39,APPLIED
Battle Monsters - Sega Saturn Game,game only,loose,16.0,29.58,21.99,-7.59,5.05,APPLIED
Battle Monsters - Sega Saturn Game,complete (cib),cib,32.75,29.58,44.99,15.41,10.64,APPLIED
Battle Stations - PS1 Game,game only,loose,9.77,9.67,13.99,4.32,3.51,APPLIED
Battle Stations - PS1 Game,complete (cib),cib,19.99,9.67,26.99,17.32,5.92,SAFETY (179% change)
Battle Stations - Sega Saturn Game,complete (cib),cib,19.99,13.58,26.99,13.41,5.92,SAFETY (99% change)
Battleship - Gameboy Color Game,game only,loose,9.99,12.37,13.99,1.62,3.29,APPLIED
Battleship - Gameboy Color Game,complete (cib),cib,16.99,12.37,22.99,10.62,5.03,SAFETY (86% change)
Battlesport - PS1 Game,game only,loose,349.99,16.09,472.99,456.9,108.98,SAFETY (2840% change)
Battlesport - PS1 Game,complete (cib),cib,990.0,16.09,1336.99,1320.9,307.92,SAFETY (8209% change)
Battletanx - Gameboy Color Game,game only,loose,11.93,14.08,16.99,2.91,4.27,APPLIED
Battletanx - Gameboy Color Game,complete (cib),cib,36.0,14.08,48.99,34.91,11.27,SAFETY (248% change)
Battletanx - Nintendo 64 Game,game only,loose,11.93,24.64,16.99,-7.65,4.27,APPLIED
Battletanx - Nintendo 64 Game,complete (cib),cib,36.0,24.64,48.99,24.35,11.27,SAFETY (99% change)
Battletoads - Gameboy Game,game only,loose,25.53,29.88,34.99,5.11,8.15,APPLIED
Battletoads - Gameboy Game,complete (cib),cib,250.0,29.88,337.99,308.11,77.89,SAFETY (1031% change)
Battletoads - NES Game,game only,loose,25.53,42.53,34.99,-7.54,8.15,APPLIED
Battletoads - NES Game,complete (cib),cib,250.0,42.53,337.99,295.46,77.89,SAFETY (695% change)
Battletoads - Sega Genesis Game,game only,loose,25.53,38.67,34.99,-3.68,8.15,APPLIED
Battletoads - Sega Genesis Game,complete (cib),cib,250.0,38.67,337.99,299.32,77.89,SAFETY (774% change)
Battletoads and Double Dragon The Ultimate Team - NES Game,game only,loose,25.53,121.06,34.99,-86.07,8.15,APPLIED
Battletoads and Double Dragon The Ultimate Team - NES Game,complete (cib),cib,250.0,121.06,337.99,216.93,77.89,SAFETY (179% change)
Battletoads and Double Dragon The Ultimate Team - SNES Game,game only,loose,25.53,51.01,34.99,-16.02,8.15,APPLIED
Battletoads and Double Dragon The Ultimate Team - SNES Game,complete (cib),cib,250.0,51.01,337.99,286.98,77.89,SAFETY (563% change)
Battletoads In Battlemaniacs - SNES Game,game only,loose,25.53,65.22,34.99,-30.23,8.15,APPLIED
Battletoads In Battlemaniacs - SNES Game,complete (cib),cib,250.0,65.22,337.99,272.77,77.89,SAFETY (418% change)
Bayonetta 2 - Wii U Game,game only,loose,14.68,38.85,19.99,-18.86,4.43,APPLIED
Bayonetta 2 - Wii U Game,complete (cib),cib,19.64,38.85,26.99,-11.86,6.27,APPLIED
BC Racers - Sega CD Game,game only,loose,68.89,121.47,93.99,-27.48,22.07,APPLIED
BC Racers - Sega CD Game,complete (cib),cib,126.87,121.47,171.99,50.52,39.83,APPLIED
Beauty and the Beast A Board Game Adventure - Gameboy Color Game,game only,loose,8.69,11.05,11.99,0.94,2.65,APPLIED
Beauty and the Beast A Board Game Adventure - Gameboy Color Game,complete (cib),cib,19.95,11.05,26.99,15.94,5.96,SAFETY (144% change)
Beavis and Butthead - SNES Game,game only,loose,14.99,27.54,20.99,-6.55,5.09,APPLIED
Beavis and Butthead - SNES Game,complete (cib),cib,39.98,27.54,53.99,26.45,12.14,SAFETY (96% change)
Ben 10: Omniverse - Wii Game,game only,loose,12.95,7.6,17.99,10.39,4.22,SAFETY (137% change)
Ben 10: Omniverse - Wii Game,complete (cib),cib,12.95,7.6,17.99,10.39,4.22,SAFETY (137% change)
Ben 10: Omniverse 2 - Wii Game,game only,loose,19.56,10.59,26.99,16.4,6.35,SAFETY (155% change)
Ben 10: Omniverse 2 - Wii Game,complete (cib),cib,23.93,10.59,32.99,22.4,7.8,SAFETY (212% change)
Best of Entertainment Pack - Gameboy Color Game,game only,loose,46.27,79.75,62.99,-16.76,14.59,APPLIED
Best of Entertainment Pack - Gameboy Color Game,complete (cib),cib,101.99,79.75,137.99,58.24,31.7,APPLIED
Bible Adventures - NES Game,game only,loose,14.07,26.55,19.99,-6.56,5.04,APPLIED
Bible Adventures - NES Game,complete (cib),cib,59.99,26.55,80.99,54.44,18.35,SAFETY (205% change)
Bill Walsh College Football - Sega Genesis Game,game only,loose,5.99,5.52,8.99,3.47,2.44,APPLIED
Bill Walsh College Football - Sega Genesis Game,complete (cib),cib,14.21,5.52,19.99,14.47,4.9,SAFETY (262% change)
Billy Bobs Huntin-n-Fishin - Gameboy Color Game,game only,loose,8.49,7.25,11.99,4.74,2.85,APPLIED
Billy Bobs Huntin-n-Fishin - Gameboy Color Game,complete (cib),cib,24.99,7.25,33.99,26.74,7.71,SAFETY (369% change)
Bionic Commando - NES Game,game only,loose,31.13,17.39,42.99,25.6,10.31,SAFETY (147% change)
Bionic Commando - NES Game,complete (cib),cib,76.91,17.39,103.99,86.6,23.76,SAFETY (498% change)
Bionic Commando Elite Forces - Gameboy Color Game,game only,loose,31.13,28.99,42.99,14.0,10.31,APPLIED
Bionic Commando Elite Forces - Gameboy Color Game,complete (cib),cib,76.91,28.99,103.99,75.0,23.76,SAFETY (259% change)
Black Dawn - Sega Saturn Game,game only,loose,14.57,22.94,19.99,-2.95,4.54,APPLIED
Black Dawn - Sega Saturn Game,complete (cib),cib,22.03,22.94,29.99,7.05,6.79,APPLIED
Black Hole Assault - Sega CD Game,game only,loose,13.12,19.34,17.99,-1.35,4.05,APPLIED
Black Hole Assault - Sega CD Game,complete (cib),cib,57.66,19.34,77.99,58.65,17.77,SAFETY (303% change)
Blast Chamber - PS1 Game,game only,loose,16.51,13.87,22.99,9.12,5.51,APPLIED
Blast Chamber - PS1 Game,complete (cib),cib,25.69,13.87,34.99,21.12,7.99,SAFETY (152% change)
Blast Chamber - Sega Saturn Game,game only,loose,16.51,19.2,22.99,3.79,5.51,APPLIED
Blast Chamber - Sega Saturn Game,complete (cib),cib,25.69,19.2,34.99,15.79,7.99,SAFETY (82% change)
Blazing Dragons - PS1 Game,game only,loose,17.99,21.41,24.99,3.58,5.98,APPLIED
Blazing Dragons - PS1 Game,complete (cib),cib,38.17,21.41,51.99,30.58,12.01,SAFETY (143% change)
Blazing Dragons - Sega Saturn Game,game only,loose,17.99,34.38,24.99,-9.39,5.98,APPLIED
Blazing Dragons - Sega Saturn Game,complete (cib),cib,38.17,34.38,51.99,17.61,12.01,APPLIED
Bomberman - Gameboy Game,game only,loose,62.81,20.07,84.99,64.92,19.42,SAFETY (323% change)
Bomberman - Gameboy Game,complete (cib),cib,100.0,20.07,135.99,115.92,31.75,SAFETY (578% change)
Bomberman - NES Game,game only,loose,62.81,32.16,84.99,52.83,19.42,SAFETY (164% change)
Bomberman - NES Game,complete (cib),cib,100.0,32.16,135.99,103.83,31.75,SAFETY (323% change)
Bomberman Online - Sega Dreamcast Game,game only,loose,29.15,66.56,39.99,-26.57,9.38,APPLIED
Bomberman Online - Sega Dreamcast Game,complete (cib),cib,63.16,66.56,85.99,19.43,20.04,APPLIED
Bonkers - SNES Game,game only,loose,9.68,36.24,13.99,-22.25,3.6,APPLIED
Bonkers - SNES Game,complete (cib),cib,69.97,36.24,94.99,58.75,21.97,SAFETY (162% change)
Bouncers - Sega CD Game,game only,loose,15.77,32.0,21.99,-10.01,5.28,APPLIED
Bouncers - Sega CD Game,complete (cib),cib,30.0,32.0,40.99,8.99,9.5,APPLIED
Brain Dead 13 - PS1 Game,game only,loose,29.95,123.5,40.99,-82.51,9.55,APPLIED
Brain Dead 13 - PS1 Game,complete (cib),cib,59.77,123.5,80.99,-42.51,18.57,APPLIED
Brain Dead 13 - Sega Saturn Game,game only,loose,29.95,71.98,40.99,-30.99,9.55,APPLIED
Brain Dead 13 - Sega Saturn Game,complete (cib),cib,59.77,71.98,80.99,9.01,18.57,APPLIED
Bram Stoker's Dracula - NES Game,game only,loose,10.88,109.27,14.99,-94.28,3.38,SAFETY (86% change)
Bram Stoker's Dracula - NES Game,complete (cib),cib,18.5,109.27,24.99,-84.28,5.47,APPLIED
Bram Stoker's Dracula - Sega CD Game,game only,loose,10.88,18.48,14.99,-3.49,3.38,APPLIED
Bram Stoker's Dracula - Sega CD Game,complete (cib),cib,18.5,18.48,24.99,6.51,5.47,APPLIED
Bram Stoker's Dracula - SNES Game,game only,loose,10.88,17.86,14.99,-2.87,3.38,APPLIED
Bram Stoker's Dracula - SNES Game,complete (cib),cib,18.5,17.86,24.99,7.13,5.47,APPLIED
Break Point Tennis - Sega Saturn Game,game only,loose,7.99,20.8,10.99,-9.81,2.38,APPLIED
Break Point Tennis - Sega Saturn Game,complete (cib),cib,25.91,20.8,34.99,14.19,7.77,APPLIED
Brunswick Pro Bowling - PS2 Game,game only,loose,7.49,5.28,10.99,5.71,2.88,SAFETY (108% change)
Brunswick Pro Bowling - PS2 Game,complete (cib),cib,8.35,5.28,11.99,6.71,2.99,SAFETY (127% change)
Brunswick Pro Bowling - Wii Game,game only,loose,7.49,8.48,10.99,2.51,2.88,APPLIED
Brunswick Pro Bowling - Wii Game,complete (cib),cib,8.35,8.48,11.99,3.51,2.99,APPLIED
Bubble Bobble - Gameboy Game,game only,loose,47.99,40.72,64.99,24.27,14.82,APPLIED
Bubble Bobble - Gameboy Game,complete (cib),cib,355.98,40.72,480.99,440.27,110.76,SAFETY (1081% change)
Bubble Bobble - NES Game,game only,loose,47.99,27.41,64.99,37.58,14.82,SAFETY (137% change)
Bubble Bobble - NES Game,complete (cib),cib,355.98,27.41,480.99,453.58,110.76,SAFETY (1655% change)
Bubble Bobble Featuring Rainbow Islands - PS1 Game,game only,loose,22.26,26.58,30.99,4.41,7.53,APPLIED
Bubble Bobble Featuring Rainbow Islands - PS1 Game,complete (cib),cib,50.0,26.58,67.99,41.41,15.72,SAFETY (156% change)
Bubble Bobble Featuring Rainbow Islands - Sega Saturn Game,game only,loose,22.26,38.53,30.99,-7.54,7.53,APPLIED
Bubble Bobble Featuring Rainbow Islands - Sega Saturn Game,complete (cib),cib,50.0,38.53,67.99,29.46,15.72,APPLIED
Bug - Sega Saturn Game,game only,loose,19.95,32.53,26.99,-5.54,5.96,APPLIED
Bug - Sega Saturn Game,complete (cib),cib,40.0,32.53,54.99,22.46,13.1,APPLIED
Bugs Bunny Birthday Blowout - NES Game,game only,loose,19.95,14.47,26.99,12.52,5.96,SAFETY (87% change)
Bugs Bunny Birthday Blowout - NES Game,complete (cib),cib,40.0,14.47,54.99,40.52,13.1,SAFETY (280% change)
Bugs Bunny Crazy Castle - NES Game,game only,loose,19.95,17.39,26.99,9.6,5.96,APPLIED
Bugs Bunny Crazy Castle - NES Game,complete (cib),cib,40.0,17.39,54.99,37.6,13.1,SAFETY (216% change)
Bugs Bunny Double Trouble - Sega Genesis Game,game only,loose,7.08,12.53,9.99,-2.54,2.32,APPLIED
Bugs Bunny Double Trouble - Sega Genesis Game,complete (cib),cib,14.86,12.53,20.99,8.46,5.22,APPLIED
Bugs Bunny Rabbit Rampage - SNES Game,game only,loose,19.95,14.7,26.99,12.29,5.96,SAFETY (84% change)
Bugs Bunny Rabbit Rampage - SNES Game,complete (cib),cib,40.0,14.7,54.99,40.29,13.1,SAFETY (274% change)
Buzz Lightyear of Star Command - Gameboy Color Game,game only,loose,20.01,10.79,27.99,17.2,6.87,SAFETY (159% change)
Buzz Lightyear of Star Command - Gameboy Color Game,complete (cib),cib,33.28,10.79,44.99,34.2,10.11,SAFETY (317% change)
Buzz Lightyear of Star Command - PS1 Game,game only,loose,20.01,17.08,27.99,10.91,6.87,APPLIED
Buzz Lightyear of Star Command - PS1 Game,complete (cib),cib,33.28,17.08,44.99,27.91,10.11,SAFETY (163% change)
Buzz Lightyear Of Star Command - Sega Dreamcast Game,game only,loose,20.01,39.98,27.99,-11.99,6.87,APPLIED
Buzz Lightyear Of Star Command - Sega Dreamcast Game,complete (cib),cib,33.28,39.98,44.99,5.01,10.11,APPLIED
Caesar's Palace - PS1 Game,game only,loose,7.0,5.83,9.99,4.16,2.4,APPLIED
Caesar's Palace - PS1 Game,complete (cib),cib,15.44,5.83,20.99,15.16,4.64,SAFETY (260% change)
Caesar's Palace - Sega Genesis Game,game only,loose,7.0,4.05,9.99,5.94,2.4,SAFETY (147% change)
Caesar's Palace - Sega Genesis Game,complete (cib),cib,15.44,4.05,20.99,16.94,4.64,SAFETY (418% change)
Caesar's Palace 2000 - PS1 Game,game only,loose,9.95,6.25,13.99,7.74,3.33,SAFETY (124% change)
Caesar's Palace 2000 - PS1 Game,complete (cib),cib,16.37,6.25,22.99,16.74,5.65,SAFETY (268% change)
Call of Duty Black Ops II - Wii U Game,game only,loose,16.3,33.98,22.99,-10.99,5.72,APPLIED
Call of Duty Black Ops II - Wii U Game,complete (cib),cib,16.5,33.98,22.99,-10.99,5.52,APPLIED
Capcom vs SNK - Sega Dreamcast Game,game only,loose,27.17,99.98,36.99,-62.99,8.45,APPLIED
Capcom vs SNK - Sega Dreamcast Game,complete (cib),cib,54.99,99.98,74.99,-24.99,17.53,APPLIED
Captain America and the Avengers - Sega Genesis Game,game only,loose,24.97,30.96,33.99,3.03,7.73,APPLIED
Captain America and the Avengers - Sega Genesis Game,complete (cib),cib,66.7,30.96,90.99,60.03,21.35,SAFETY (194% change)
Captain America and the Avengers - SNES Game,game only,loose,24.97,35.22,33.99,-1.23,7.73,APPLIED
Captain America and the Avengers - SNES Game,complete (cib),cib,66.7,35.22,90.99,55.77,21.35,SAFETY (158% change)
Captain Toad: Treasure Tracker - Wii U Game,game only,loose,9.7,19.38,13.99,-5.39,3.58,APPLIED
Captain Toad: Treasure Tracker - Wii U Game,complete (cib),cib,11.99,19.38,16.99,-2.39,4.21,APPLIED
Carrier - Sega Dreamcast Game,game only,loose,19.98,43.33,26.99,-16.34,5.93,APPLIED
Carrier - Sega Dreamcast Game,complete (cib),cib,45.99,43.33,62.99,19.66,14.87,APPLIED
Castle of Illusion - Sega Genesis Game,game only,loose,19.93,36.24,26.99,-9.25,5.98,APPLIED
Castle of Illusion - Sega Genesis Game,complete (cib),cib,53.25,36.24,71.99,35.75,16.35,SAFETY (99% change)
Castle of Illusion - Sega Master System Game,game only,loose,19.93,54.56,26.99,-27.57,5.98,APPLIED
Castle of Illusion - Sega Master System Game,complete (cib),cib,53.25,54.56,71.99,17.43,16.35,APPLIED
Centipede - Gameboy Color Game,game only,loose,7.46,12.01,10.99,-1.02,2.91,APPLIED
Centipede - Gameboy Color Game,complete (cib),cib,13.35,12.01,18.99,6.98,4.79,APPLIED
Centipede - Gameboy Game,game only,loose,7.46,9.5,10.99,1.49,2.91,APPLIED
Centipede - Gameboy Game,complete (cib),cib,13.35,9.5,18.99,9.49,4.79,SAFETY (100% change)
Centipede - PS1 Game,game only,loose,7.46,10.17,10.99,0.82,2.91,APPLIED
Centipede - PS1 Game,complete (cib),cib,13.35,10.17,18.99,8.82,4.79,SAFETY (87% change)
Championship Soccer '94 - Sega CD Game,game only,loose,38.0,105.28,51.99,-53.29,12.18,APPLIED
Championship Soccer '94 - Sega CD Game,complete (cib),cib,113.92,105.28,153.99,48.71,35.3,APPLIED
Championship Surfer - PS1 Game,game only,loose,7.0,7.7,9.99,2.29,2.4,APPLIED
Championship Surfer - PS1 Game,complete (cib),cib,11.65,7.7,15.99,8.29,3.58,SAFETY (108% change)
Championship Surfer - Sega Dreamcast Game,game only,loose,7.0,6.13,9.99,3.86,2.4,APPLIED
Championship Surfer - Sega Dreamcast Game,complete (cib),cib,11.65,6.13,15.99,9.86,3.58,SAFETY (161% change)
Charge N' Blast - Sega Dreamcast Game,game only,loose,19.99,20.11,26.99,6.88,5.92,APPLIED
Charge N' Blast - Sega Dreamcast Game,complete (cib),cib,31.99,20.11,43.99,23.88,10.42,SAFETY (119% change)
Chessmaster - Gameboy Color Game,game only,loose,8.16,18.23,11.99,-6.24,3.18,APPLIED
Chessmaster - Gameboy Color Game,complete (cib),cib,19.99,18.23,26.99,8.76,5.92,APPLIED
Chessmaster - Gameboy Game,game only,loose,8.16,9.08,11.99,2.91,3.18,APPLIED
Chessmaster - Gameboy Game,complete (cib),cib,19.99,9.08,26.99,17.91,5.92,SAFETY (197% change)
Chessmaster - PS2 Game,game only,loose,8.16,8.49,11.99,3.5,3.18,APPLIED
Chessmaster - PS2 Game,complete (cib),cib,19.99,8.49,26.99,18.5,5.92,SAFETY (218% change)
Chicken Run - PS1 Game,game only,loose,12.44,12.84,16.99,4.15,3.76,APPLIED
Chicken Run - PS1 Game,complete (cib),cib,21.59,12.84,29.99,17.15,7.23,SAFETY (134% change)
Chicken Run - Sega Dreamcast Game,game only,loose,12.44,15.98,16.99,1.01,3.76,APPLIED
Chicken Run - Sega Dreamcast Game,complete (cib),cib,21.59,15.98,29.99,14.01,7.23,SAFETY (88% change)
Chuck Rock II Son of Chuck - Sega CD Game,game only,loose,16.5,55.36,22.99,-32.37,5.52,APPLIED
Chuck Rock II Son of Chuck - Sega Genesis Game,game only,loose,16.5,18.33,22.99,4.66,5.52,APPLIED
Chuck Rock II Son of Chuck - Sega Genesis Game,complete (cib),cib,40.42,18.33,54.99,36.66,12.68,SAFETY (200% change)
Cliffhanger - Gameboy Game,game only,loose,10.73,30.42,14.99,-15.43,3.53,APPLIED
Cliffhanger - Gameboy Game,complete (cib),cib,22.37,30.42,30.99,0.57,7.42,APPLIED
Cliffhanger - Sega CD Game,game only,loose,10.73,11.22,14.99,3.77,3.53,APPLIED
Cliffhanger - Sega CD Game,complete (cib),cib,22.37,11.22,30.99,19.77,7.42,SAFETY (176% change)
Cliffhanger - Sega Genesis Game,game only,loose,10.73,16.5,14.99,-1.51,3.53,APPLIED
Cliffhanger - Sega Genesis Game,complete (cib),cib,22.37,16.5,30.99,14.49,7.42,SAFETY (88% change)
Cobra Command - NES Game,complete (cib),cib,39.53,14.4,53.99,39.59,12.59,SAFETY (275% change)
Cobra Command - Sega CD Game,game only,loose,10.05,23.1,13.99,-9.11,3.23,APPLIED
Cobra Command - Sega CD Game,complete (cib),cib,39.53,23.1,53.99,30.89,12.59,SAFETY (134% change)
Columns - Sega Genesis Game,complete (cib),cib,59.36,9.69,80.99,71.3,18.98,SAFETY (736% change)
Columns - Sega Master System Game,game only,loose,6.9,21.75,9.99,-11.76,2.5,APPLIED
Columns - Sega Master System Game,complete (cib),cib,59.36,21.75,80.99,59.24,18.98,SAFETY (272% change)
Commando - NES Game,game only,loose,31.13,11.06,42.99,31.93,10.31,SAFETY (289% change)
Commando - NES Game,complete (cib),cib,76.91,11.06,103.99,92.93,23.76,SAFETY (840% change)
Cool Spot - Gameboy Game,game only,loose,10.95,21.74,14.99,-6.75,3.31,APPLIED
Cool Spot - Gameboy Game,complete (cib),cib,115.14,21.74,155.99,134.25,36.03,SAFETY (618% change)
Corpse Killer - Sega 32X Game,game only,loose,20.3,60.13,27.99,-32.14,6.58,APPLIED
Corpse Killer - Sega 32X Game,complete (cib),cib,32.0,60.13,43.99,-16.14,10.41,APPLIED
Corpse Killer - Sega CD Game,game only,loose,20.3,36.82,27.99,-8.83,6.58,APPLIED
Corpse Killer - Sega CD Game,complete (cib),cib,32.0,36.82,43.99,7.17,10.41,APPLIED
Darksiders: Warmastered Edition - Wii U Game,game only,loose,14.07,27.97,19.99,-7.98,5.04,APPLIED
Darksiders: Warmastered Edition - Wii U Game,complete (cib),cib,18.49,27.97,24.99,-2.98,5.48,APPLIED
Darkwing Duck - Gameboy Game,game only,loose,189.17,57.93,255.99,198.06,59.1,SAFETY (342% change)
Darkwing Duck - Gameboy Game,complete (cib),cib,491.81,57.93,663.99,606.06,152.62,SAFETY (1046% change)
Darkwing Duck - NES Game,game only,loose,189.17,92.08,255.99,163.91,59.1,SAFETY (178% change)
Darkwing Duck - NES Game,complete (cib),cib,491.81,92.08,663.99,571.91,152.62,SAFETY (621% change)
Dash Galaxy in the Alien Asylum - NES Game,game only,loose,29.99,8.19,40.99,32.8,9.51,SAFETY (400% change)
Dash Galaxy in the Alien Asylum - NES Game,complete (cib),cib,172.6,8.19,233.99,225.8,54.3,SAFETY (2757% change)
Davis Cup Tennis - GBA Game,game only,loose,14.82,3.9,20.99,17.09,5.26,SAFETY (438% change)
Davis Cup Tennis - GBA Game,complete (cib),cib,31.76,3.9,42.99,39.09,9.68,SAFETY (1002% change)
Daytona USA - Sega Saturn Game,game only,loose,21.91,18.37,29.99,11.62,6.91,APPLIED
Daytona USA - Sega Saturn Game,complete (cib),cib,40.91,18.37,55.99,37.62,13.16,SAFETY (205% change)
Demolition Man - Sega CD Game,game only,loose,40.5,137.06,54.99,-82.07,12.6,APPLIED
Demolition Man - Sega CD Game,complete (cib),cib,119.61,137.06,161.99,24.93,37.38,APPLIED
Demolition Man - Sega Genesis Game,game only,loose,40.5,36.18,54.99,18.81,12.6,APPLIED
Demolition Man - Sega Genesis Game,complete (cib),cib,119.61,36.18,161.99,125.81,37.38,SAFETY (348% change)
Donkey Kong - NES Game,game only,loose,10.69,42.21,14.99,-27.22,3.57,APPLIED
Donkey Kong - NES Game,complete (cib),cib,12.41,42.21,16.99,-25.22,3.79,APPLIED
Donkey Kong Country - SNES Game,game only,loose,10.69,28.99,14.99,-14.0,3.57,APPLIED
Donkey Kong Country - SNES Game,complete (cib),cib,12.41,28.99,16.99,-12.0,3.79,APPLIED
Donkey Kong Country: Tropical Freeze - Wii U Game,complete (cib),cib,12.41,15.28,16.99,1.71,3.79,APPLIED
Double Switch - Sega CD Game,game only,loose,8.75,22.8,11.99,-10.81,2.59,APPLIED
Double Switch - Sega Saturn Game,game only,loose,8.75,42.4,11.99,-30.41,2.59,APPLIED
Double Switch - Sega Saturn Game,complete (cib),cib,16.74,42.4,22.99,-19.41,5.28,APPLIED
Dracula Unleashed - Sega CD Game,game only,loose,17.0,34.88,22.99,-11.89,5.02,APPLIED
Dragon Spirit - NES Game,game only,loose,35.39,15.94,47.99,32.05,10.91,SAFETY (201% change)
Dragon Spirit - NES Game,complete (cib),cib,67.5,15.94,91.99,76.05,21.52,SAFETY (477% change)
Dragon's Lair - Gameboy Color Game,game only,loose,20.28,32.96,27.99,-4.97,6.6,APPLIED
Dragon's Lair - Gameboy Color Game,complete (cib),cib,36.28,32.96,48.99,16.03,10.99,APPLIED
Dragon's Lair - Sega CD Game,game only,loose,20.28,38.16,27.99,-10.17,6.6,APPLIED
Dragon's Lair - Sega CD Game,complete (cib),cib,36.28,38.16,48.99,10.83,10.99,APPLIED
Dune - Sega CD Game,game only,loose,41.13,63.86,55.99,-7.87,12.94,APPLIED
Dune - Sega CD Game,complete (cib),cib,83.95,63.86,113.99,50.13,26.43,APPLIED
Earthworm Jim - SNES Game,game only,loose,180.36,43.49,243.99,200.5,56.25,SAFETY (461% change)
Earthworm Jim - SNES Game,complete (cib),cib,337.0,43.49,454.99,411.5,104.5,SAFETY (946% change)
Ecco the Dolphin - Sega CD Game,game only,loose,13.84,37.06,18.99,-18.07,4.3,APPLIED
Ecco the Dolphin - Sega CD Game,complete (cib),cib,28.31,37.06,38.99,1.93,9.25,APPLIED
Ecco the Dolphin - Sega Genesis Game,game only,loose,13.84,14.49,18.99,4.5,4.3,APPLIED
Ecco the Dolphin - Sega Genesis Game,complete (cib),cib,28.31,14.49,38.99,24.5,9.25,SAFETY (169% change)
ESPN Baseball Tonight - Sega Genesis Game,game only,loose,12.7,8.21,17.99,9.78,4.47,SAFETY (119% change)
ESPN Baseball Tonight - Sega Genesis Game,complete (cib),cib,19.35,8.21,26.99,18.78,6.56,SAFETY (229% change)
Extreme G - Nintendo 64 Game,game only,loose,359.99,14.14,485.99,471.85,111.61,SAFETY (3337% change)
F-16 Fighting Falcon - Sega Master System Game,game only,loose,24.99,21.74,33.99,12.25,7.71,APPLIED
F-16 Fighting Falcon - Sega Master System Game,complete (cib),cib,57.47,21.74,77.99,56.25,17.96,SAFETY (259% change)
Fantastic Adventures of Dizzy - NES Game,game only,loose,14.07,21.69,19.99,-1.7,5.04,APPLIED
Fantastic Adventures of Dizzy - NES Game,complete (cib),cib,59.99,21.69,80.99,59.3,18.35,SAFETY (273% change)
Fantasy Zone - Sega Master System Game,game only,loose,41.92,43.38,56.99,13.61,13.12,APPLIED
Fantasy Zone - Sega Master System Game,complete (cib),cib,65.14,43.38,87.99,44.61,20.0,SAFETY (103% change)
Fantasy Zone II - Sega Master System Game,game only,loose,41.92,43.28,56.99,13.71,13.12,APPLIED
Fantasy Zone II - Sega Master System Game,complete (cib),cib,65.14,43.28,87.99,44.71,20.0,SAFETY (103% change)
Fantasy Zone the Maze - Sega Master System Game,game only,loose,41.92,31.04,56.99,25.95,13.12,SAFETY (84% change)
Fantasy Zone the Maze - Sega Master System Game,complete (cib),cib,65.14,31.04,87.99,56.95,20.0,SAFETY (183% change)
Final Fantasy - NES Game,game only,loose,7.5,32.8,10.99,-21.81,2.87,APPLIED
Final Fantasy - NES Game,complete (cib),cib,8.25,32.8,11.99,-20.81,3.09,APPLIED
Final Fantasy X - PS2 Game,game only,loose,7.5,9.48,10.99,1.51,2.87,APPLIED
Final Fantasy X - PS2 Game,complete (cib),cib,8.25,9.48,11.99,2.51,3.09,APPLIED
God of War - PS2 Game,game only,loose,8.88,41.8,11.99,-29.81,2.46,APPLIED
God of War - PS2 Game,complete (cib),cib,11.54,41.8,15.99,-25.81,3.69,APPLIED
Golden Axe - Sega Master System Game,game only,loose,20.15,30.91,27.99,-2.92,6.73,APPLIED
Golden Axe - Sega Master System Game,complete (cib),cib,105.71,30.91,142.99,112.08,32.83,SAFETY (363% change)
Golf - NES Game,game only,loose,9.9,5.06,13.99,8.93,3.38,SAFETY (176% change)
Golf - NES Game,complete (cib),cib,79.71,5.06,107.99,102.93,24.85,SAFETY (2034% change)
Gran Turismo 3 - PS2 Game,game only,loose,10.0,7.89,13.99,6.1,3.28,APPLIED
Gran Turismo 3 - PS2 Game,complete (cib),cib,13.0,7.89,17.99,10.1,4.17,SAFETY (128% change)
Gran Turismo 4 - PS2 Game,game only,loose,10.99,12.08,14.99,2.91,3.27,APPLIED
Gran Turismo 4 - PS2 Game,complete (cib),cib,14.29,12.08,19.99,7.91,4.82,APPLIED
Grand Theft Auto San Andreas - PS2 Game,game only,loose,8.51,14.23,11.99,-2.24,2.83,APPLIED
Heart of the Alien - Sega CD Game,game only,loose,29.99,139.04,40.99,-98.05,9.51,APPLIED
Heart of the Alien - Sega CD Game,complete (cib),cib,172.6,139.04,233.99,94.95,54.3,APPLIED
Hook - Sega CD Game,game only,loose,34.84,36.0,47.99,11.99,11.46,APPLIED
Hook - Sega CD Game,complete (cib),cib,119.99,36.0,161.99,125.99,37.0,SAFETY (350% change)
Hook - SNES Game,game only,loose,34.84,44.44,47.99,3.55,11.46,APPLIED
Hook - SNES Game,complete (cib),cib,119.99,44.44,161.99,117.55,37.0,SAFETY (265% change)
Indiana Jones' Greatest Adventures - SNES Game,game only,loose,14.07,47.13,19.99,-27.14,5.04,APPLIED
Indiana Jones' Greatest Adventures - SNES Game,complete (cib),cib,59.99,47.13,80.99,33.86,18.35,APPLIED
James Pond - Sega Genesis Game,game only,loose,10.0,16.59,13.99,-2.6,3.28,APPLIED
James Pond - Sega Genesis Game,complete (cib),cib,25.04,16.59,33.99,17.4,7.66,SAFETY (105% change)
Joust - NES Game,game only,loose,11.53,14.49,15.99,1.5,3.7,APPLIED
Joust - NES Game,complete (cib),cib,22.5,14.49,30.99,16.5,7.29,SAFETY (114% change)
Killer 3D Pool - GBA Game,game only,loose,4.97,24.99,6.99,-18.0,1.52,APPLIED
Killer 3D Pool - GBA Game,complete (cib),cib,8.59,5.31,11.99,6.68,2.75,SAFETY (126% change)
Kingdom Hearts - PS2 Game,game only,loose,7.5,14.06,10.99,-3.07,2.87,APPLIED
Kingdom Hearts - PS2 Game,complete (cib),cib,8.25,14.06,11.99,-2.07,3.09,APPLIED
Kirby's Adventure - NES Game,game only,loose,14.07,45.33,19.99,-25.34,5.04,APPLIED
Kirby's Adventure - NES Game,complete (cib),cib,59.99,45.33,80.99,35.66,18.35,APPLIED
Little Mermaid - NES Game,game only,loose,7.71,20.42,10.99,-9.43,2.66,APPLIED
Little Mermaid - NES Game,complete (cib),cib,32.75,20.42,44.99,24.57,10.64,SAFETY (120% change)
Loaded - Sega Saturn Game,game only,loose,14.99,46.42,20.99,-25.43,5.09,APPLIED
Loaded - Sega Saturn Game,complete (cib),cib,24.99,46.42,33.99,-12.43,7.71,APPLIED
Metal Gear - NES Game,game only,loose,19.35,16.2,26.99,10.79,6.56,APPLIED
Metal Gear - NES Game,complete (cib),cib,28.0,16.2,37.99,21.79,8.59,SAFETY (135% change)
Muppet Adventure - NES Game,game only,loose,14.07,12.86,19.99,7.13,5.04,APPLIED
Muppet Adventure - NES Game,complete (cib),cib,59.99,12.86,80.99,68.13,18.35,SAFETY (530% change)
Nights into Dreams - Sega Saturn Game,game only,loose,52.5,34.16,70.99,36.83,16.13,SAFETY (108% change)
Nights into Dreams - Sega Saturn Game,complete (cib),cib,83.97,34.16,113.99,79.83,26.41,SAFETY (234% change)
Pac-Man 2 The New Adventures - SNES Game,game only,loose,14.07,12.17,19.99,7.82,5.04,APPLIED
Pac-Man 2 The New Adventures - SNES Game,complete (cib),cib,59.99,12.17,80.99,68.82,18.35,SAFETY (565% change)
Pinball - NES Game,complete (cib),cib,30.0,10.86,40.99,30.13,9.5,SAFETY (277% change)
Pitfall Mayan Adventure - SNES Game,game only,loose,14.07,10.74,19.99,9.25,5.04,SAFETY (86% change)
Pitfall Mayan Adventure - SNES Game,complete (cib),cib,59.99,10.74,80.99,70.25,18.35,SAFETY (654% change)
Puss N' Boots: Pero's Great Adventure - NES Game,game only,loose,14.07,29.0,19.99,-9.01,5.04,APPLIED
Puss N' Boots: Pero's Great Adventure - NES Game,complete (cib),cib,59.99,29.0,80.99,51.99,18.35,SAFETY (179% change)
Rock Band - PS2 Game,game only,loose,4.18,9.22,5.99,-3.23,1.34,APPLIED
Spiderman - Sega Master System Game,game only,loose,13.49,46.07,18.99,-27.08,4.65,APPLIED
Spiderman - Sega Master System Game,complete (cib),cib,14.38,46.07,19.99,-26.08,4.73,APPLIED
Spiderman - SNES Game,game only,loose,13.49,37.82,18.99,-18.83,4.65,APPLIED
Spiderman - SNES Game,complete (cib),cib,14.38,37.82,19.99,-17.83,4.73,APPLIED
Spy Hunter - NES Game,game only,loose,16.55,13.4,22.99,9.59,5.47,APPLIED
Spy Hunter - NES Game,complete (cib),cib,29.95,13.4,40.99,27.59,9.55,SAFETY (206% change)
Star Wars - NES Game,game only,loose,7.49,37.0,10.99,-26.01,2.88,APPLIED
Star Wars - NES Game,complete (cib),cib,9.0,37.0,12.99,-24.01,3.31,APPLIED
Super Adventure Island - SNES Game,game only,loose,13.22,23.13,17.99,-5.14,3.95,APPLIED
Super Adventure Island - SNES Game,complete (cib),cib,41.29,23.13,55.99,32.86,12.78,SAFETY (142% change)
Super Adventure Island II - SNES Game,game only,loose,13.22,132.52,17.99,-114.53,3.95,SAFETY (86% change)
Super Adventure Island II - SNES Game,complete (cib),cib,41.29,132.52,55.99,-76.53,12.78,APPLIED
Super Battleship - SNES Game,game only,loose,9.99,10.14,13.99,3.85,3.29,APPLIED
Super Battleship - SNES Game,complete (cib),cib,16.99,10.14,22.99,12.85,5.03,SAFETY (127% change)
Super Bomberman - SNES Game,game only,loose,62.81,66.47,84.99,18.52,19.42,APPLIED
Super Bomberman - SNES Game,complete (cib),cib,100.0,66.47,135.99,69.52,31.75,SAFETY (105% change)
Super Bomberman 2 - SNES Game,game only,loose,62.81,46.39,84.99,38.6,19.42,SAFETY (83% change)
Super Bomberman 2 - SNES Game,complete (cib),cib,100.0,46.39,135.99,89.6,31.75,SAFETY (193% change)
Super Caesar's Palace - SNES Game,game only,loose,7.0,5.19,9.99,4.8,2.4,SAFETY (92% change)
Super Caesar's Palace - SNES Game,complete (cib),cib,15.44,5.19,20.99,15.8,4.64,SAFETY (304% change)
Tennis - NES Game,game only,loose,12.67,14.07,17.99,3.92,4.5,APPLIED
Tennis - NES Game,complete (cib),cib,29.43,14.07,39.99,25.92,9.1,SAFETY (184% change)
The Adventures of Rocky and Bullwinkle and Friends - NES Game,game only,loose,14.07,23.93,19.99,-3.94,5.04,APPLIED
The Adventures of Rocky and Bullwinkle and Friends - NES Game,complete (cib),cib,59.99,23.93,80.99,57.06,18.35,SAFETY (238% change)
Tiny Toon Adventures - NES Game,game only,loose,14.07,22.78,19.99,-2.79,5.04,APPLIED
Tiny Toon Adventures - NES Game,complete (cib),cib,59.99,22.78,80.99,58.21,18.35,SAFETY (256% change)
Tiny Toon Adventures 2 Trouble in Wackyland - NES Game,game only,loose,14.07,24.48,19.99,-4.49,5.04,APPLIED
Tiny Toon Adventures 2 Trouble in Wackyland - NES Game,complete (cib),cib,59.99,24.48,80.99,56.51,18.35,SAFETY (231% change)
Tiny Toon Adventures Buster Busts Loose - SNES Game,game only,loose,14.07,18.88,19.99,1.11,5.04,APPLIED
Tiny Toon Adventures Buster Busts Loose - SNES Game,complete (cib),cib,59.99,18.88,80.99,62.11,18.35,SAFETY (329% change)
UFC Sudden Impact - PS2 Game,game only,loose,61.54,11.51,83.99,72.48,19.71,SAFETY (630% change)
UFC Sudden Impact - PS2 Game,complete (cib),cib,80.0,11.51,108.99,97.48,25.53,SAFETY (847% change)
Virtua Cop - Sega Saturn Game,game only,loose,21.91,10.02,29.99,19.97,6.91,SAFETY (199% change)
Virtua Cop - Sega Saturn Game,complete (cib),cib,40.91,10.02,55.99,45.97,13.16,SAFETY (459% change)
Virtua Fighter - Sega 32X Game,complete (cib),cib,40.91,29.58,55.99,26.41,13.16,SAFETY (89% change)
Virtua Fighter 2 - Sega Saturn Game,game only,loose,21.91,15.63,29.99,14.36,6.91,SAFETY (92% change)
Virtua Fighter 2 - Sega Saturn Game,complete (cib),cib,40.91,15.63,55.99,40.36,13.16,SAFETY (258% change)
Zelda II The Adventure of Link - NES Game,game only,loose,14.07,31.23,19.99,-11.24,5.04,APPLIED
Zelda II The Adventure of Link - NES Game,complete (cib),cib,59.99,31.23,80.99,49.76,18.35,SAFETY (159% change)
Animal Crossing - Gamecube Game (Complete),game only,loose,48.85,79.99,65.99,-14.0,14.93,APPLIED
Animal Crossing - Gamecube Game (Complete),complete (cib),cib,65.08,79.99,87.99,8.0,20.06,APPLIED
