product,console,variant,type,market_price,old_price,new_price,diff,profit,status
1943: The Battle of Midway - NES Game,NES,,,,,,,,NO_MATCH
720 - NES Game,NES,,,,,,,,NO_MATCH
A Dinosaur's Tale - Sega Genesis Game,Sega Genesis,,,,,,,,NO_MATCH
AFL Premiership 2006 - PS2 Game,Playstation 2,,,,,,,,NO_MATCH
Air Conflicts - PSP Game,PSP,,,,,,,,NO_MATCH
Air Diver - Sega Genesis Game,Sega Genesis,,,,,,,,NO_MATCH
Alien 3 - SNES Game,SNES,,,,,,,,NO_MATCH
Alien Monster Bowling League - Wii Game,Wii,,,,,,,,NO_MATCH
All-Star Baseball 2003 - GBA Game,Gameboy Advance,,,,,,,,NO_MATCH
All-Star Baseball 2005 - Xbox Game,Xbox,,,,,,,,NO_MATCH
Alvin And The Chipmunks The Game - Wii Game,Wii,,,,,,,,NO_MATCH
Animal Kingdom: Wildlife Expedition - Wii Game,Wii,,,,,,,,NO_MATCH
Animaniacs Ten Pin Alley - PS1 Game,Playstation,,,,,,,,NO_MATCH
Animorphs Shattered Reality - PS1 Game,Playstation,,,,,,,,NO_MATCH
Arc The Lad Collection - PS1 Game,Playstation,game only,loose,68.54,132.98,92.99,-39.99,21.45,APPLIED
Arc The Lad Collection - PS1 Game,Playstation,complete (cib),cib,167.48,238.99,226.99,-12.00,52.63,APPLIED
Arcade's Greatest Hits Atari Collection 1 - PS1 Game,Playstation,game only,loose,5.87,11.31,7.99,-3.32,1.59,APPLIED
Arcade's Greatest Hits Atari Collection 1 - PS1 Game,Playstation,complete (cib),cib,8.89,19.99,12.99,-7.00,3.42,APPLIED
Archon - NES Game,NES,,,,,,,,NO_MATCH
Are You Smarter Than A 5th Grader? Make the Grade - PS2 Game,Playstation 2,,,,,,,,NO_MATCH
Arena Football Road to Glory - PS2 Game,Playstation 2,,,,,,,,NO_MATCH
Army Men World War Land Sea Air - PS1 Game,Playstation,,,,,,,,NO_MATCH
Art Alive - Sega Genesis Game,Sega Genesis,,,,,,,,NO_MATCH
Assault Retribution - PS1 Game,Playstation,,,,,,,,NO_MATCH
Astro Boy: The Video Game - Wii Game,Wii,game only,loose,4.89,8.98,6.99,-1.99,1.60,APPLIED
Astro Boy: The Video Game - Wii Game,Wii,complete (cib),cib,6.22,15.99,8.99,-7.00,2.21,APPLIED
Atomic Robo-Kid - Sega Genesis Game,Sega Genesis,,,,,,,,NO_MATCH
Axelay - SNES Game,SNES,,,,,,,,NO_MATCH
Baby Boomer - NES Game,NES,,,,,,,,NO_MATCH
Back to the Future II and III - NES Game,NES,game only,loose,21.57,26.65,29.99,3.34,7.25,APPLIED
Back to the Future II and III - NES Game,NES,complete (cib),cib,121.01,46.99,163.99,117.00,37.92,APPLIED
Backstreet Billiards - PS1 Game,Playstation,,,,,,,,NO_MATCH
Backyard Baseball '10 - PS2 Game,Playstation 2,,,,,,,,NO_MATCH
Backyard Football 08 - PS2 Game,Playstation 2,,,,,,,,NO_MATCH
Backyard Football 2006 - GBA Game,Gameboy Advance,,,,,,,,NO_MATCH
Backyard Football 2006 - PS2 Game,Playstation 2,,,,,,,,NO_MATCH
Backyard Hockey - GBA Game,Gameboy Advance,,,,,,,,NO_MATCH
Bad Boys Miami Takedown - PS2 Game,Playstation 2,,,,,,,,NO_MATCH
Bad News Baseball - NES Game,NES,,,,,,,,NO_MATCH
Bad Street Brawler - NES Game,NES,,,,,,,,NO_MATCH
Bandai Golf Challenge Pebble Beach - NES Game,NES,,,,,,,,NO_MATCH
Barbie Gotta Have Games - PS1 Game,Playstation,,,,,,,,NO_MATCH
Barbie Horse Adventures Wild Horse Rescue - PS2 Game,Playstation 2,,,,,,,,NO_MATCH
Baseball Blast! - Wii Game,Wii,,,,,,,,NO_MATCH
Baseball Stars 2 - NES Game,NES,,,,,,,,NO_MATCH
Bases Loaded 2 Second Season - NES Game,NES,,,,,,,,NO_MATCH
Batman Beyond - Nintendo 64 Game,Nintendo 64,,,,,,,,NO_MATCH
Batman Forever - SNES Game,SNES,,,,,,,,NO_MATCH
Batman Returns - Sega Genesis Game,Sega Genesis,,,,,,,,NO_MATCH
Batman Revenge of the Joker - Sega Genesis Game,Sega Genesis,,,,,,,,NO_MATCH
Batman Rise of Sin Tzu - GBA Game,Gameboy Advance,,,,,,,,NO_MATCH
Battle Bull - Gameboy Game,Gameboy,,,,,,,,NO_MATCH
Battle Clash - SNES Game,SNES,,,,,,,,NO_MATCH
Battle Hunter - PS1 Game,Playstation,,,,,,,,NO_MATCH
Battle Master - Sega Genesis Game,Sega Genesis,,,,,,,,NO_MATCH
Battle of Giants: Dinosaurs Strike - Wii Game,Wii,,,,,,,,NO_MATCH
Battle Squadron - Sega Genesis Game,Sega Genesis,,,,,,,,NO_MATCH
Battletech - Sega Genesis Game,Sega Genesis,,,,,,,,NO_MATCH
Beetlejuice - Gameboy Game,Gameboy,,,,,,,,NO_MATCH
BeetleJuice - NES Game,NES,,,,,,,,NO_MATCH
Berenstain Bears and the Spooky Old Tree - GBA Game,Gameboy Advance,,,,,,,,NO_MATCH
Bermuda Triangle: Saving the Coral - Wii Game,Wii,game only,loose,4.02,7.75,5.99,-1.76,1.50,APPLIED
Beyblade V Force - GBA Game,Gameboy Advance,,,,,,,,NO_MATCH
Beyblade: Metal Fusion Battle Fortress - Wii Game,Wii,game only,loose,9.02,9.78,12.99,3.21,3.29,APPLIED
Beyblade: Metal Fusion Battle Fortress - Wii Game,Wii,complete (cib),cib,11.01,16.99,14.99,-2.00,3.25,APPLIED
Beyond Oasis - Sega Genesis Game,Sega Genesis,,,,,,,,NO_MATCH
Big League Sports: Summer - Wii Game,Wii,game only,loose,3.54,9.91,4.99,-4.92,1.01,APPLIED
Big League Sports: Summer - Wii Game,Wii,complete (cib),cib,5.14,16.99,6.99,-10.00,1.35,APPLIED
Big Mountain 2000 - Nintendo 64 Game,Nintendo 64,,,,,,,,NO_MATCH
Big Nose the Caveman - NES Game,NES,game only,loose,15.99,28.03,21.99,-6.04,5.06,APPLIED
Big Nose the Caveman - NES Game,NES,complete (cib),cib,45.29,49.99,61.99,12.00,14.60,APPLIED
Biker Mice From Mars - SNES Game,SNES,,,,,,,,NO_MATCH
Bill and Ted's Excellent Video Game - NES Game,NES,,,,,,,,NO_MATCH
Bill Walsh College Football 95 - Sega Genesis Game,Sega Genesis,game only,loose,6.00,7.48,8.99,1.51,2.43,APPLIED
Bill Walsh College Football 95 - Sega Genesis Game,Sega Genesis,complete (cib),cib,8.84,12.99,11.99,-1.00,2.50,APPLIED
Bio-Hazard Battle - Sega Genesis Game,Sega Genesis,,,,,,,,NO_MATCH
Bionicle Heroes - Gamecube Game,Gamecube,,,,,,,,NO_MATCH
Black - Xbox Game,Xbox,,,,,,,,NO_MATCH
Black Bass - NES Game,NES,,,,,,,,NO_MATCH
Blackthornes - SNES Game,SNES,,,,,,,,NO_MATCH
Blades of Steel [Classic Series] - NES Game,NES,game only,loose,17.50,24.64,23.99,-0.65,5.49,APPLIED
Blades of Steel [Classic Series] - NES Game,NES,complete (cib),cib,116.70,43.99,157.99,114.00,36.41,APPLIED
Blades of Thunder - GBA Game,Gameboy Advance,,,,,,,,NO_MATCH
Blades of Vengeance - Sega Genesis Game,Sega Genesis,,,,,,,,NO_MATCH
Blast Lacrosse - PS1 Game,Playstation,,,,,,,,NO_MATCH
Blaster Master II - Sega Genesis Game,Sega Genesis,,,,,,,,NO_MATCH
Blender Bros - GBA Game,Gameboy Advance,,,,,,,,NO_MATCH
Blitz Overtime - PSP Game,PSP,,,,,,,,NO_MATCH
Blowout - Gamecube Game,Gamecube,,,,,,,,NO_MATCH
BMX Trick Racer - GBA Game,Gameboy Advance,,,,,,,,NO_MATCH
Bogey Dead 6 - PS1 Game,Playstation,,,,,,,,NO_MATCH
Bomberman Party Edition - PS1 Game,Playstation,,,,,,,,NO_MATCH
Bonkers - Sega Genesis Game,Sega Genesis,,,,,,,,NO_MATCH
Boogerman A Pick and Flick Adventure - Sega Genesis Game,Sega Genesis,,,,,,,,NO_MATCH
Bookworm - GBA Game,Gameboy Advance,,,,,,,,NO_MATCH
Boombots - PS1 Game,Playstation,,,,,,,,NO_MATCH
BRAHMA Force the Assault on Beltlogger 9 - PS1 Game,Playstation,,,,,,,,NO_MATCH
Brain Lord - SNES Game,SNES,,,,,,,,NO_MATCH
Brave Fencer Musashi - PS1 Game,Playstation,,,,,,,,NO_MATCH
Brave Story New Traveler - PSP Game,PSP,,,,,,,,NO_MATCH
Breath of Fire - SNES Game,SNES,,,,,,,,NO_MATCH
Breath of Fire 3 - PSP Game,PSP,,,,,,,,NO_MATCH
Breath of Fire II - SNES Game,SNES,,,,,,,,NO_MATCH
Breeders' Cup World Thoroughbred Championships - PS2 Game,Playstation 2,,,,,,,,NO_MATCH
Breeders' Cup World Thoroughbred Championships - Xbox Game,Xbox,,,,,,,,NO_MATCH
Brigandine: The Legend of Forsena - PS1 Game,Playstation,game only,loose,72.47,115.06,97.99,-17.07,22.38,APPLIED
Brigandine: The Legend of Forsena - PS1 Game,Playstation,complete (cib),cib,132.43,206.99,178.99,-28.00,41.07,APPLIED
Bubble and Squeak - Sega Genesis Game,Sega Genesis,,,,,,,,NO_MATCH
Bubsy II - Sega Genesis Game,Sega Genesis,,,,,,,,NO_MATCH
Buck Rogers Countdown to Doomsday - Sega Genesis Game,Sega Genesis,,,,,,,,NO_MATCH
Budokan: The Martial Spirit - Sega Genesis Game,Sega Genesis,,,,,,,,NO_MATCH
Bug Riders - PS1 Game,Playstation,,,,,,,,NO_MATCH
Bugs Bunny Rabbit Rampage - SNES Game,SNES,,,,,,,,NO_MATCH
Build 'N Race - Wii Game,Wii,,,,,,,,NO_MATCH
Bujingai The Forsaken City - PS2 Game,Playstation 2,,,,,,,,NO_MATCH
Bump 'n' Jump - NES Game,NES,,,,,,,,NO_MATCH
Burning Force - Sega Genesis Game,Sega Genesis,,,,,,,,NO_MATCH
Bust-A-Move 3000 - Gamecube Game,Gamecube,,,,,,,,NO_MATCH
Bust-A-Move 99 - Nintendo 64 Game,Nintendo 64,,,,,,,,NO_MATCH
Cabal - NES Game,NES,,,,,,,,NO_MATCH
Cabela's Alaskan Adventures - PS2 Game,Playstation 2,,,,,,,,NO_MATCH
Cabela's Big Game Hunter 2005 Adventures - Gamecube Game,Gamecube,,,,,,,,NO_MATCH
Cabela's Deer Hunt 2005 - PS2 Game,Playstation 2,,,,,,,,NO_MATCH
Cabela's Legendary Adventures - PS2 Game,Playstation 2,,,,,,,,NO_MATCH
Cabela's Legendary Adventures - PSP Game,PSP,,,,,,,,NO_MATCH
Cabela's Monster Bass - PS2 Game,Playstation 2,,,,,,,,NO_MATCH
Cabela's Trophy Bucks - PS2 Game,Playstation 2,,,,,,,,NO_MATCH
Cake Mania Baker's Challenge - PS2 Game,Playstation 2,,,,,,,,NO_MATCH
Caliber 50 - Sega Genesis Game,Sega Genesis,,,,,,,,NO_MATCH
California Games - Sega Genesis Game,Sega Genesis,,,,,,,,NO_MATCH
California Speed - Nintendo 64 Game,Nintendo 64,,,,,,,,NO_MATCH
Canada Hunt - Wii Game,Wii,,,,,,,,NO_MATCH
Captain Comic - NES Game,NES,,,,,,,,NO_MATCH
CART World Series - PS1 Game,Playstation,,,,,,,,NO_MATCH
Castle of Shikigami III - Wii Game,Wii,,,,,,,,NO_MATCH
Castlequest - NES Game,NES,,,,,,,,NO_MATCH
Centipede: Infestation - Wii Game,Wii,,,,,,,,NO_MATCH
Champions World Class Soccer - Sega Genesis Game,Sega Genesis,,,,,,,,NO_MATCH
Championship Bowling - NES Game,NES,,,,,,,,NO_MATCH
Championship Foosball - Wii Game,Wii,,,,,,,,NO_MATCH
Chiller - NES Game,NES,,,,,,,,NO_MATCH
Circus Caper - NES Game,NES,,,,,,,,NO_MATCH
Clash at Demonhead - NES Game,NES,,,,,,,,NO_MATCH
ClayFighter - SNES Game,SNES,,,,,,,,NO_MATCH
ClayFighter 2 Judgment Clay - SNES Game,SNES,,,,,,,,NO_MATCH
Cleopatra's Fortune - PS1 Game,Playstation,,,,,,,,NO_MATCH
Coach K College Basketball - Sega Genesis Game,Sega Genesis,,,,,,,,NO_MATCH
Cobra Command - NES Game,NES,,,,,,,,NO_MATCH
Code Lyoko Quest for Infinity - PS2 Game,Playstation 2,,,,,,,,NO_MATCH
Code Name Viper - NES Game,NES,,,,,,,,NO_MATCH
College Football USA 96 - Sega Genesis Game,Sega Genesis,complete (cib),cib,10.10,11.99,13.99,2.00,3.18,APPLIED
College Football's National Championship II - Sega Genesis Game,Sega Genesis,game only,loose,3.60,7.67,4.99,-2.68,0.95,APPLIED
College Football's National Championship II - Sega Genesis Game,Sega Genesis,complete (cib),cib,13.90,12.99,18.99,6.00,4.24,APPLIED
College Hoops 2K7 - PS2 Game,Playstation 2,,,,,,,,NO_MATCH
College Hoops 2K8 - PS2 Game,Playstation 2,,,,,,,,NO_MATCH
College Slam - Gameboy Game,Gameboy,,,,,,,,NO_MATCH
College Slam - Sega Genesis Game,Sega Genesis,,,,,,,,NO_MATCH
Combat Elite W - Wii Game Paratroopers - PS2 Game,Playstation 2,,,,,,,,NO_MATCH
Comix Zone - Sega Genesis Game,Sega Genesis,,,,,,,,NO_MATCH
Conan the Mysteries of Time - NES Game,NES,,,,,,,,NO_MATCH
Conquest of the Crystal Palace - NES Game,NES,game only,loose,33.46,65.37,45.99,-19.38,10.90,APPLIED
Conquest of the Crystal Palace - NES Game,NES,complete (cib),cib,150.00,116.99,202.99,86.00,46.80,APPLIED
Contra Adventure - PS1 Game,Playstation,,,,,,,,NO_MATCH
Contra Legacy of War - Sega Saturn Game,Sega Saturn,,,,,,,,NO_MATCH
Cool Boarders 2001 - PS2 Game,Playstation 2,,,,,,,,NO_MATCH
Cosmo Tank - Gameboy Game,Gameboy,,,,,,,,NO_MATCH
Crash 'n' the Boys: Street Challenge - NES Game,NES,,,,,,,,NO_MATCH
Crayola Colorful Journey - Wii Game,Wii,,,,,,,,NO_MATCH
Crazy Frog Arcade Racer - PS2 Game,Playstation 2,,,,,,,,NO_MATCH
Crimson Gem Saga - PSP Game,PSP,,,,,,,,NO_MATCH
Cruis'n Exotica - Gameboy Color Game,Gameboy Color,,,,,,,,NO_MATCH
Cruis'n Exotica - Nintendo 64 Game,Nintendo 64,,,,,,,,NO_MATCH
Cruis'n Velocity - GBA Game,Gameboy Advance,,,,,,,,NO_MATCH
Cruise Ship Vacation Games - Wii Game,Wii,,,,,,,,NO_MATCH
Crushed Baseball - GBA Game,Gameboy Advance,,,,,,,,NO_MATCH
Crystal Quest - Gameboy Game,Gameboy,,,,,,,,NO_MATCH
Crystal's Pony Tale - Sega Genesis Game,Sega Genesis,,,,,,,,NO_MATCH
Crystalis - Gameboy Color Game,Gameboy Color,,,,,,,,NO_MATCH
Crystalis - NES Game,NES,,,,,,,,NO_MATCH
Curious George - Gamecube Game,Gamecube,,,,,,,,NO_MATCH
Cutthroat Island - Sega Genesis Game,Sega Genesis,,,,,,,,NO_MATCH
Cybernator - SNES Game,SNES,,,,,,,,NO_MATCH
Cyberstadium Series Base Wars - NES Game,NES,,,,,,,,NO_MATCH
Cyborg Justice - Sega Genesis Game,Sega Genesis,,,,,,,,NO_MATCH
Daffy Duck Marvin Missions - SNES Game,SNES,,,,,,,,NO_MATCH
Daisy Fuentes Pilates - Wii Game,Wii,,,,,,,,NO_MATCH
Dance UKPAL  - PS2 Game,Playstation 2,,,,,,,,NO_MATCH
Darius Twin - SNES Game,SNES,,,,,,,,NO_MATCH
Dark Arena - GBA Game,Gameboy Advance,,,,,,,,NO_MATCH
Dash Galaxy in the Alien Asylum - NES Game,NES,,,,,,,,NO_MATCH
Dashin' Desperadoes - Sega Genesis Game,Sega Genesis,,,,,,,,NO_MATCH
David Crane's Amazing Tennis - Sega Genesis Game,Sega Genesis,,,,,,,,NO_MATCH
Davis Cup Tennis - GBA Game,Gameboy Advance,,,,,,,,NO_MATCH
Day Dreamin' Davey - NES Game,NES,,,,,,,,NO_MATCH
Dead in the Water - PS1 Game,Playstation,,,,,,,,NO_MATCH
Death Duel - Sega Genesis Game,Sega Genesis,,,,,,,,NO_MATCH
Death Race - NES Game,NES,,,,,,,,NO_MATCH
Deca Sports 3 - Wii Game,Wii,,,,,,,,NO_MATCH
Decap Attack - Sega Genesis Game,Sega Genesis,,,,,,,,NO_MATCH
Deception III Dark Delusion - PS1 Game,Playstation,,,,,,,,NO_MATCH
Deer Drive Legends - Wii Game,Wii,,,,,,,,NO_MATCH
Deer Hunter - PS2 Game,Playstation 2,,,,,,,,NO_MATCH
Demon Sword - NES Game,NES,,,,,,,,NO_MATCH
Desert Commander - NES Game,NES,,,,,,,,NO_MATCH
Desert Demolition - Sega Genesis Game,Sega Genesis,,,,,,,,NO_MATCH
Desert Strike Advance - GBA Game,Gameboy Advance,,,,,,,,NO_MATCH
Desert Strike Return to the Gulf - SNES Game,SNES,,,,,,,,NO_MATCH
Destiny of an Emperor - NES Game,NES,,,,,,,,NO_MATCH
DICE DNA Integrated Cybernetic - PS2 Game,Playstation 2,,,,,,,,NO_MATCH
Dick Tracy - Gameboy Game,Gameboy,,,,,,,,NO_MATCH
Dick Tracy - NES Game,NES,,,,,,,,NO_MATCH
Dick Tracy - Sega Genesis Game,Sega Genesis,,,,,,,,NO_MATCH
Dick Vitale's Awesome Baby College Hoops - Sega Genesis Game,Sega Genesis,,,,,,,,NO_MATCH
Dirty Harry - NES Game,NES,,,,,,,,NO_MATCH
DiscWorld II Mortality Bytes - PS1 Game,Playstation,,,,,,,,NO_MATCH
Disgaea Infinite - PSP Game,PSP,,,,,,,,NO_MATCH
Diva Girls: Divas On Ice - Wii Game,Wii,,,,,,,,NO_MATCH
Diva Starz Mall Mania - Gameboy Color Game,Gameboy Color,,,,,,,,NO_MATCH
DJ Boy - Sega Genesis Game,Sega Genesis,,,,,,,,NO_MATCH
Donald Duck AdvancePAL  - GBA Game,Gameboy Advance,,,,,,,,NO_MATCH
Donald Duck Going Quackers - Gamecube Game,Gamecube,,,,,,,,NO_MATCH
Donald Duck Going Quackers - PS2 Game,Playstation 2,,,,,,,,NO_MATCH
Donkey Kong Barrel Blast - Wii Game,Wii,,,,,,,,NO_MATCH
Donkey Kong Country 2 - SNES Game,SNES,,,,,,,,NO_MATCH
Donkey Kong Country 3 - SNES Game,SNES,,,,,,,,NO_MATCH
Donkey Konga (Game only) - Gamecube Game,Gamecube,game only,loose,14.99,16.94,20.99,4.05,5.09,APPLIED
Donkey Konga (Game only) - Gamecube Game,Gamecube,complete (cib),cib,20.53,29.99,27.99,-2.00,6.35,APPLIED
Doom - SNES Game,SNES,,,,,,,,NO_MATCH
Doom Troopers - Sega Genesis Game,Sega Genesis,,,,,,,,NO_MATCH
Dora the Explorer Super Spies - GBA Game,Gameboy Advance,complete (cib),cib,14.90,11.99,20.99,9.00,5.18,APPLIED
Double Dragon III The Arcade Game - Gameboy Game,Gameboy,complete (cib),cib,128.70,50.99,173.99,123.00,39.94,APPLIED
Double Dragon III The Arcade Game - Sega Genesis Game,Sega Genesis,,,,,,,,NO_MATCH
Double Dragon V The Shadow Falls - Sega Genesis Game,Sega Genesis,,,,,,,,NO_MATCH
Double Dragon V The Shadow Falls - SNES Game,SNES,,,,,,,,NO_MATCH
Dr Chaos - NES Game,NES,,,,,,,,NO_MATCH
Dr Robotnik's Mean Bean Machine - Sega Genesis Game,Sega Genesis,,,,,,,,NO_MATCH
Dr. Mario 64 - Nintendo 64 Game,Nintendo 64,,,,,,,,NO_MATCH
Dragon Ball Z Buu's Fury / GT Transformation - GBA Game,Gameboy Advance,game only,loose,50.00,65.19,67.99,2.80,15.72,APPLIED
Dragon Ball Z Buu's Fury / GT Transformation - GBA Game,Gameboy Advance,complete (cib),cib,250.00,116.99,337.99,221.00,77.89,APPLIED
Dragon Ball Z Sagas - Gamecube Game,Gamecube,game only,loose,12.63,20.31,17.99,-2.32,4.54,APPLIED
Dragon Ball Z Sagas - Gamecube Game,Gamecube,complete (cib),cib,17.79,35.99,24.99,-11.00,6.18,APPLIED
Dragon Ball Z Sagas - PS2 Game,Playstation 2,game only,loose,9.29,18.98,12.99,-5.99,3.02,APPLIED
Dragon Ball Z Sagas - PS2 Game,Playstation 2,complete (cib),cib,14.96,33.99,20.99,-13.00,5.12,APPLIED
Dragon Ball Z Shin Budokai: Another Road - PSP Game,PSP,game only,loose,30.88,55.98,41.99,-13.99,9.59,APPLIED
Dragon Ball Z Shin Budokai: Another Road - PSP Game,PSP,complete (cib),cib,52.00,99.99,70.99,-29.00,16.63,APPLIED
Dragon Quest Swords The Masked Queen and the Tower of Mirrors - Wii Game,Wii,complete (cib),cib,19.83,36.99,26.99,-10.00,6.08,APPLIED
Dragon Spirit - NES Game,NES,,,,,,,,NO_MATCH
Dragon Tales Dragon Adventures - Gameboy Color Game,Gameboy Color,complete (cib),cib,22.01,18.99,29.99,11.00,6.81,APPLIED
Dragon Tales Dragon Adventures - GBA Game,Gameboy Advance,,,,,,,,NO_MATCH
Dragon Warrior 7 - PS1 Game,Playstation,,,,,,,,NO_MATCH
Dragon Warrior II - NES Game,NES,,,,,,,,NO_MATCH
Dragon: The Bruce Lee Story - Sega Genesis Game,Sega Genesis,game only,loose,14.23,17.23,19.99,2.76,4.88,APPLIED
Dragon: The Bruce Lee Story - Sega Genesis Game,Sega Genesis,complete (cib),cib,32.64,30.99,44.99,14.00,10.75,APPLIED
Drake and Josh - GBA Game,Gameboy Advance,,,,,,,,NO_MATCH
Drakkhen - SNES Game,SNES,,,,,,,,NO_MATCH
DT Carnage - PS2 Game,Playstation 2,,,,,,,,NO_MATCH
DT Carnage - PSP Game,PSP,,,,,,,,NO_MATCH
Dual Blades - GBA Game,Gameboy Advance,,,,,,,,NO_MATCH
Ducati World Racing Challenge - PS1 Game,Playstation,game only,loose,5.13,9.56,6.99,-2.57,1.36,APPLIED
Ducati World Racing Challenge - PS1 Game,Playstation,complete (cib),cib,10.59,16.99,14.99,-2.00,3.67,APPLIED
Dune The Battle for Arrakis - Sega Genesis Game,Sega Genesis,,,,,,,,NO_MATCH
Dungeon Explorer Warriors of Ancient Arts - PSP Game,PSP,,,,,,,,NO_MATCH
Dungeon Magic - NES Game,NES,,,,,,,,NO_MATCH
Dynamite Duke - Sega Genesis Game,Sega Genesis,,,,,,,,NO_MATCH
Dynamite Headdy - Sega Genesis Game,Sega Genesis,,,,,,,,NO_MATCH
Dynasty Warriors Vol. 2 - PSP Game,PSP,,,,,,,,NO_MATCH
Dynowarz The Destruction of Spondylus - NES Game,NES,,,,,,,,NO_MATCH
Earth Defense Force - SNES Game,SNES,,,,,,,,NO_MATCH
Earthworm Jim - SNES Game,SNES,,,,,,,,NO_MATCH
Earthworm Jim 2 - Sega Genesis Game,Sega Genesis,,,,,,,,NO_MATCH
Earthworm Jim 2 - SNES Game,SNES,,,,,,,,NO_MATCH
Ecco Jr - Sega Genesis Game,Sega Genesis,,,,,,,,NO_MATCH
Ed Edd N Eddy Mis-Edventures - Gamecube Game,Gamecube,,,,,,,,NO_MATCH
Eggs of Steel - PS1 Game,Playstation,,,,,,,,NO_MATCH
Enchanted Once Upon Andalasia - GBA Game,Gameboy Advance,,,,,,,,NO_MATCH
End War - PSP Game,PSP,,,,,,,,NO_MATCH
ESPN Baseball Tonight - Sega Genesis Game,Sega Genesis,,,,,,,,NO_MATCH
ESPN College Hoops 2K5 - PS2 Game,Playstation 2,,,,,,,,NO_MATCH
ESPN MLS ExtraTime 2002 - Gamecube Game,Gamecube,,,,,,,,NO_MATCH
ESPN National Hockey Night - Sega Genesis Game,Sega Genesis,,,,,,,,NO_MATCH
ESPN NBA 2Night - Sega Dreamcast Game,Sega Dreamcast,,,,,,,,NO_MATCH
ESPN Sports Connection - Wii U Game,Wii U,,,,,,,,NO_MATCH
ESPN Sunday Night NFL - Sega Genesis Game,Sega Genesis,,,,,,,,NO_MATCH
ET the Extra Terrestrial: Digital Companion - Gameboy Color Game,Gameboy Color,game only,loose,7.98,13.95,10.99,-2.96,2.39,APPLIED
ET the Extra Terrestrial: Digital Companion - Gameboy Color Game,Gameboy Color,complete (cib),cib,9.84,24.99,13.99,-11.00,3.44,APPLIED
Eternal Poison - PS2 Game,Playstation 2,,,,,,,,NO_MATCH
EverGirl - GBA Game,Gameboy Advance,,,,,,,,NO_MATCH
Ex-Mutants - Sega Genesis Game,Sega Genesis,,,,,,,,NO_MATCH
Exo Squad - Sega Genesis Game,Sega Genesis,,,,,,,,NO_MATCH
F-Zero - SNES Game,SNES,,,,,,,,NO_MATCH
Faceball 2000 - Gameboy Game,Gameboy,,,,,,,,NO_MATCH
Faery Tale Adventure - Sega Genesis Game,Sega Genesis,,,,,,,,NO_MATCH
Fairly Odd Parents Enter the Cleft - GBA Game,Gameboy Advance,game only,loose,7.29,12.34,9.99,-2.35,2.11,APPLIED
Fairly Odd Parents Enter the Cleft - GBA Game,Gameboy Advance,complete (cib),cib,14.62,21.99,19.99,-2.00,4.49,APPLIED
Fairly Odd Parents Shadow Showdown - Gamecube Game,Gamecube,game only,loose,12.57,21.59,16.99,-4.60,3.63,APPLIED
Fairly Odd Parents Shadow Showdown - Gamecube Game,Gamecube,complete (cib),cib,16.92,37.99,22.99,-15.00,5.10,APPLIED
Fairly Odd Parents: Breakin' Da Rules - GBA Game,Gameboy Advance,game only,loose,7.80,9.76,10.99,1.23,2.57,APPLIED
Fairly Odd Parents: Breakin' Da Rules - GBA Game,Gameboy Advance,complete (cib),cib,22.11,16.99,29.99,13.00,6.71,APPLIED
Family Feud - PS2 Game,Playstation 2,,,,,,,,NO_MATCH
Family Feud Decades - Wii Game,Wii,,,,,,,,NO_MATCH
Family Feud: 2010 Edition - Wii Game,Wii,game only,loose,6.89,10.93,9.99,-0.94,2.51,APPLIED
Family Feud: 2010 Edition - Wii Game,Wii,complete (cib),cib,8.97,18.99,12.99,-6.00,3.34,APPLIED
Fantasia - Sega Genesis Game,Sega Genesis,,,,,,,,NO_MATCH
Fantastic 4 Rise of the Silver Surfer - PS2 Game,Playstation 2,,,,,,,,NO_MATCH
Fatal Frame 3 Tormented - PS2 Game,Playstation 2,,,,,,,,NO_MATCH
Fatal Fury - SNES Game,SNES,,,,,,,,NO_MATCH
Fatal Fury Mark of the Wolves - Sega Dreamcast Game,Sega Dreamcast,,,,,,,,NO_MATCH
Fatal Labyrinth - Sega Genesis Game,Sega Genesis,,,,,,,,NO_MATCH
Fear Factor Unleashed - GBA Game,Gameboy Advance,,,,,,,,NO_MATCH
FIFA 96 - Sega Genesis Game,Sega Genesis,,,,,,,,NO_MATCH
Fighter Maker 2 - PS2 Game,Playstation 2,,,,,,,,NO_MATCH
Fighting Masters - Sega Genesis Game,Sega Genesis,,,,,,,,NO_MATCH
Final Fantasy Adventure - Gameboy Game,Gameboy,,,,,,,,NO_MATCH
Final Fantasy II - SNES Game,SNES,,,,,,,,NO_MATCH
Final Fantasy III - SNES Game,SNES,,,,,,,,NO_MATCH
Final Fantasy Legend 2 - Gameboy Game,Gameboy,complete (cib),cib,127.50,78.99,172.99,94.00,40.17,APPLIED
Final Fantasy Mystic Quest - SNES Game,SNES,,,,,,,,NO_MATCH
Final Fantasy XII [Collector's Edition] - PS2 Game,Playstation 2,,,,,,,,NO_MATCH
Final Fight - SNES Game,SNES,,,,,,,,NO_MATCH
Final Fight 2 - SNES Game,SNES,,,,,,,,NO_MATCH
Firepower 2000 - SNES Game,SNES,,,,,,,,NO_MATCH
Flashback The Quest for Identity - Sega CD Game,Sega CD,,,,,,,,NO_MATCH
Flashback The Quest for Identity - Sega Genesis Game,Sega Genesis,,,,,,,,NO_MATCH
Flicky - Sega Genesis Game,Sega Genesis,,,,,,,,NO_MATCH
Force 21 - Gameboy Color Game,Gameboy Color,,,,,,,,NO_MATCH
Ford Bold Moves Street Racing - PSP Game,PSP,,,,,,,,NO_MATCH
Ford Mustang The Legend Lives - PS2 Game,Playstation 2,,,,,,,,NO_MATCH
Forgotten Worlds - Sega Genesis Game,Sega Genesis,,,,,,,,NO_MATCH
Formula One 2000 - Gameboy Color Game,Gameboy Color,,,,,,,,NO_MATCH
Formula One Built To Win - NES Game,NES,,,,,,,,NO_MATCH
Fox Hunt - PS1 Game,Playstation,,,,,,,,NO_MATCH
Fox Sports Soccer 99 - PS1 Game,Playstation,,,,,,,,NO_MATCH
Frank Thomas Big Hurt Baseball - Sega Genesis Game,Sega Genesis,,,,,,,,NO_MATCH
Freaky Flyers - Gamecube Game,Gamecube,,,,,,,,NO_MATCH
Freedom Force - NES Game,NES,,,,,,,,NO_MATCH
Friday the 13th - NES Game,NES,,,,,,,,NO_MATCH
Frogger - Sega Genesis Game,Sega Genesis,,,,,,,,NO_MATCH
Frogger Ancient Shadow - Gamecube Game,Gamecube,,,,,,,,NO_MATCH
Frogger Ancient Shadow - PS2 Game,Playstation 2,,,,,,,,NO_MATCH
Frogger's Adventures The Rescue - Gamecube Game,Gamecube,,,,,,,,NO_MATCH
Fugitive Hunter - PS2 Game,Playstation 2,,,,,,,,NO_MATCH
Fun 'n Games - Sega Genesis Game,Sega Genesis,,,,,,,,NO_MATCH
G-LOC Air Battle - Sega Genesis Game,Sega Genesis,,,,,,,,NO_MATCH
G.I. Joe: A Real American Hero - NES Game,NES,game only,loose,90.03,120.15,121.99,1.84,28.12,APPLIED
G.I. Joe: A Real American Hero - NES Game,NES,complete (cib),cib,231.09,215.99,311.99,96.00,71.55,APPLIED
Gadget Twins - Sega Genesis Game,Sega Genesis,,,,,,,,NO_MATCH
Gain Ground - Sega Genesis Game,Sega Genesis,,,,,,,,NO_MATCH
Galaxy Force II - Sega Genesis Game,Sega Genesis,,,,,,,,NO_MATCH
Galidor Defenders of the Outer Dimension - GBA Game,Gameboy Advance,,,,,,,,NO_MATCH
Game and Watch Gallery 4 - GBA Game,Gameboy Advance,,,,,,,,NO_MATCH
General Chaos - Sega Genesis Game,Sega Genesis,,,,,,,,NO_MATCH
Generations Lost - Sega Genesis Game,Sega Genesis,,,,,,,,NO_MATCH
George Foreman's KO Boxing - Sega Genesis Game,Sega Genesis,,,,,,,,NO_MATCH
Gex 3: Deep Cover Gecko - Gameboy Color Game,Gameboy Color,,,,,,,,NO_MATCH
Ghostbusters - Sega Genesis Game,Sega Genesis,,,,,,,,NO_MATCH
Ghoul School - NES Game,NES,,,,,,,,NO_MATCH
Ghouls 'N Ghosts - Sega Genesis Game,Sega Genesis,,,,,,,,NO_MATCH
GI Joe The Atlantis Factor - NES Game,NES,game only,loose,55.04,68.67,74.99,6.32,17.48,APPLIED
GI Joe The Atlantis Factor - NES Game,NES,complete (cib),cib,162.50,122.99,219.99,97.00,50.81,APPLIED
Gilligan's Island - NES Game,NES,,,,,,,,NO_MATCH
Go Go Tank - Gameboy Game,Gameboy,,,,,,,,NO_MATCH
Gods - Sega Genesis Game,Sega Genesis,,,,,,,,NO_MATCH
Golden Nugget - PS1 Game,Playstation,,,,,,,,NO_MATCH
Golgo 13 Top Secret Episode - NES Game,NES,,,,,,,,NO_MATCH
Goof Troop - SNES Game,SNES,,,,,,,,NO_MATCH
Gradius Galaxies - GBA Game,Gameboy Advance,,,,,,,,NO_MATCH
Gradius III - SNES Game,SNES,,,,,,,,NO_MATCH
Granada - Sega Genesis Game,Sega Genesis,,,,,,,,NO_MATCH
Grand Slam - Sega Saturn Game,Sega Saturn,,,,,,,,NO_MATCH
Greatest Heavyweights - Sega Genesis Game,Sega Genesis,,,,,,,,NO_MATCH
Greendog Beached Surfer Dude - Sega Genesis Game,Sega Genesis,,,,,,,,NO_MATCH
Gretzky NHL 06 - PSP Game,PSP,,,,,,,,NO_MATCH
Gretzky NHL 2005 - PS2 Game,Playstation 2,,,,,,,,NO_MATCH
Grooverider Slot Car Thunder - Gamecube Game,Gamecube,,,,,,,,NO_MATCH
Growl - Sega Genesis Game,Sega Genesis,,,,,,,,NO_MATCH
Gunstar Heroes - Sega Genesis Game,Sega Genesis,,,,,,,,NO_MATCH
Gyruss - NES Game,NES,,,,,,,,NO_MATCH
Hammerin' Hero - PSP Game,PSP,,,,,,,,NO_MATCH
Hannspree Ten Kate Honda SBK Superbike World Championship - PSP Game,PSP,,,,,,,,NO_MATCH
Happy Feet - Gamecube Game,Gamecube,,,,,,,,NO_MATCH
Happy Feet Two - Wii Game,Wii,,,,,,,,NO_MATCH
HardBall III - Sega Genesis Game,Sega Genesis,,,,,,,,NO_MATCH
Hardcore Pinball - GBA Game,Gameboy Advance,,,,,,,,NO_MATCH
Harley Davidson Race Across America - Gameboy Color Game,Gameboy Color,,,,,,,,NO_MATCH
Harry Potter Sorcerers Stone - Gamecube Game,Gamecube,,,,,,,,NO_MATCH
Harry Potter Sorcerers Stone - PS2 Game,Playstation 2,,,,,,,,NO_MATCH
Harvest Moon 3 - Gameboy Color Game,Gameboy Color,,,,,,,,NO_MATCH
Harvest Moon Save the Homeland - PS2 Game,Playstation 2,,,,,,,,NO_MATCH
Harvey Birdman Attorney at Law - Wii Game,Wii,,,,,,,,NO_MATCH
Haunted Mansion - Gamecube Game,Gamecube,,,,,,,,NO_MATCH
Heatseeker - PS2 Game,Playstation 2,,,,,,,,NO_MATCH
Heavenly Guardian - Wii Game,Wii,,,,,,,,NO_MATCH
Heavy Barrel - NES Game,NES,,,,,,,,NO_MATCH
Heavy Shreddin' - NES Game,NES,,,,,,,,NO_MATCH
Herzog Zwei - Sega Genesis Game,Sega Genesis,,,,,,,,NO_MATCH
Hexyz Force - PSP Game,PSP,,,,,,,,NO_MATCH
High Heat Baseball 2000 - PS1 Game,Playstation,,,,,,,,NO_MATCH
High Heat Major League Baseball 2004 - PS2 Game,Playstation 2,game only,loose,3.56,6.35,4.99,-1.36,0.99,APPLIED
High Heat Major League Baseball 2004 - PS2 Game,Playstation 2,complete (cib),cib,5.49,10.99,7.99,-3.00,1.97,APPLIED
High Rollers Casino - PS2 Game,Playstation 2,,,,,,,,NO_MATCH
High Stakes - Gameboy Game,Gameboy,,,,,,,,NO_MATCH
History Channel Civil War Secret Missions - PS2 Game,Playstation 2,,,,,,,,NO_MATCH
Hit the Ice - Sega Genesis Game,Sega Genesis,,,,,,,,NO_MATCH
Hollywood Squares - Wii Game,Wii,,,,,,,,NO_MATCH
Home Alone 2 Lost In New York - SNES Game,SNES,,,,,,,,NO_MATCH
Home Improvement - SNES Game,SNES,,,,,,,,NO_MATCH
Home Run King - Gamecube Game,Gamecube,,,,,,,,NO_MATCH
Hook - Sega Genesis Game,Sega Genesis,,,,,,,,NO_MATCH
Hooters Road Trip - PS1 Game,Playstation,,,,,,,,NO_MATCH
Hot Shots Golf Open Tee 2 - PSP Game,PSP,game only,loose,5.44,10.38,7.99,-2.39,2.02,APPLIED
Hot Shots Golf Open Tee 2 - PSP Game,PSP,complete (cib),cib,8.00,17.99,10.99,-7.00,2.37,APPLIED
Hot Shots Tennis: Get a Grip - PSP Game,PSP,game only,loose,1.75,7.02,2.99,-4.03,0.85,APPLIED
Hot Shots Tennis: Get a Grip - PSP Game,PSP,complete (cib),cib,6.56,11.99,8.99,-3.00,1.87,APPLIED
Hot Wheels Stunt Track Driver - Gameboy Color Game,Gameboy Color,game only,loose,10.00,4.71,13.99,9.28,3.28,APPLIED
Hot Wheels Stunt Track Driver - Gameboy Color Game,Gameboy Color,complete (cib),cib,37.50,7.99,50.99,43.00,11.71,APPLIED
Hoyle Casino - Gameboy Color Game,Gameboy Color,,,,,,,,NO_MATCH
I-Ninja - Gamecube Game,Gamecube,,,,,,,,NO_MATCH
IGPX - PS2 Game,Playstation 2,,,,,,,,NO_MATCH
IHRA Drag Racing Sportsman Edition - PS2 Game,Playstation 2,,,,,,,,NO_MATCH
IHRA Professional Drag Racing 2005 - PS2 Game,Playstation 2,,,,,,,,NO_MATCH
Illusion of Gaia - SNES Game,SNES,,,,,,,,NO_MATCH
In Your Face - Gameboy Game,Gameboy,,,,,,,,NO_MATCH
Indiana Jones and the Last Crusade - Sega Genesis Game,Sega Genesis,,,,,,,,NO_MATCH
Indiana Jones Infernal Machine - Nintendo 64 Game,Nintendo 64,,,,,,,,NO_MATCH
Insector X - Sega Genesis Game,Sega Genesis,,,,,,,,NO_MATCH
Instruments of Chaos Starring Young Indiana Jones - Sega Genesis Game,Sega Genesis,,,,,,,,NO_MATCH
International Superstar Soccer Deluxe - SNES Game,SNES,,,,,,,,NO_MATCH
Inuyasha A Feudal Fairy Tale - PS1 Game,Playstation,,,,,,,,NO_MATCH
Iron Helix - Sega CD Game,Sega CD,,,,,,,,NO_MATCH
Izzy's Quest for the Olympic Rings - Sega Genesis Game,Sega Genesis,,,,,,,,NO_MATCH
Jackie Chan's Stunt Master - PS1 Game,Playstation,,,,,,,,NO_MATCH
James Pond 2 Codename Robocod - Sega Genesis Game,Sega Genesis,,,,,,,,NO_MATCH
James Pond 3 Operation Starfish - Sega Genesis Game,Sega Genesis,,,,,,,,NO_MATCH
Jeopardy - PS2 Game,Playstation 2,,,,,,,,NO_MATCH
Jeopardy Platinum Edition - Gameboy Game,Gameboy,,,,,,,,NO_MATCH
Jeopardy Sports Edition - Gameboy Game,Gameboy,,,,,,,,NO_MATCH
Jeopardy Teen Tournament - Gameboy Game,Gameboy,,,,,,,,NO_MATCH
Jet Grind Radio - GBA Game,Gameboy Advance,,,,,,,,NO_MATCH
Jet Grind Radio - Sega Dreamcast Game,Sega Dreamcast,,,,,,,,NO_MATCH
Jet Moto 3 - PS1 Game,Playstation,,,,,,,,NO_MATCH
Jet X2O - PS2 Game,Playstation 2,,,,,,,,NO_MATCH
Jewel Master - Sega Genesis Game,Sega Genesis,,,,,,,,NO_MATCH
Jikandia: The Timeless Land - PSP Game,PSP,,,,,,,,NO_MATCH
Joe and Mac - Sega Genesis Game,Sega Genesis,,,,,,,,NO_MATCH
Joe and Mac - SNES Game,SNES,,,,,,,,NO_MATCH
Joe and Mac 2 Lost in the Tropics - SNES Game,SNES,,,,,,,,NO_MATCH
John Elway's Quarterback - NES Game,NES,,,,,,,,NO_MATCH
John Madden Football '92 - Sega Genesis Game,Sega Genesis,game only,loose,7.11,8.13,9.99,1.86,2.29,APPLIED
John Madden Football '92 - Sega Genesis Game,Sega Genesis,complete (cib),cib,14.95,13.99,20.99,7.00,5.13,APPLIED
John Madden Football '93 [Championship Edition] - Sega Genesis Game,Sega Genesis,game only,loose,45.70,86.99,61.99,-25.00,14.19,APPLIED
John Madden Football '93 [Championship Edition] - Sega Genesis Game,Sega Genesis,complete (cib),cib,169.99,155.99,229.99,74.00,53.03,APPLIED
Jordan vs Bird One on One - NES Game,NES,,,,,,,,NO_MATCH
Judge Dredd - SNES Game,SNES,,,,,,,,NO_MATCH
JumpStart Dino Adventure Field Trip - Gameboy Color Game,Gameboy Color,,,,,,,,NO_MATCH
Jurassic Park 2 The Chaos Continues - SNES Game,SNES,,,,,,,,NO_MATCH
Just Dance Kids 2 - Wii Game,Wii,,,,,,,,NO_MATCH
Justice League Chronicles - GBA Game,Gameboy Advance,,,,,,,,NO_MATCH
Justice League Task Force - Sega Genesis Game,Sega Genesis,,,,,,,,NO_MATCH
Justice League Task Force - SNES Game,SNES,,,,,,,,NO_MATCH
Kartia Word of Fate - PS1 Game,Playstation,,,,,,,,NO_MATCH
Ken Griffey Jr Major League Baseball - SNES Game,SNES,,,,,,,,NO_MATCH
Kendo Rage - SNES Game,SNES,,,,,,,,NO_MATCH
Kenka Bancho: Badass Rumble - PSP Game,PSP,,,,,,,,NO_MATCH
Kerplunk / Toss Across / Tip It - GBA Game,Gameboy Advance,,,,,,,,NO_MATCH
Kid's Cards - GBA Game,Gameboy Advance,,,,,,,,NO_MATCH
Killer Instinct - SNES Game,SNES,,,,,,,,NO_MATCH
Kim Possible 3 - GBA Game,Gameboy Advance,,,,,,,,NO_MATCH
Kinetica - PS2 Game,Playstation 2,,,,,,,,NO_MATCH
King of Dragons - SNES Game,SNES,,,,,,,,NO_MATCH
King of Fighters Neowave - Xbox Game,Xbox,,,,,,,,NO_MATCH
King of the Monsters 2 - Sega Genesis Game,Sega Genesis,,,,,,,,NO_MATCH
King's Field Ancient City - PS2 Game,Playstation 2,,,,,,,,NO_MATCH
King's Knight - NES Game,NES,,,,,,,,NO_MATCH
King's Quest - Sega Master System Game,Sega Master System,,,,,,,,NO_MATCH
Kingdom of Paradise - PSP Game,PSP,,,,,,,,NO_MATCH
Kirby and the Rainbow Curse - Wii U Game,Wii U,,,,,,,,NO_MATCH
Kirby Super Star - SNES Game,SNES,,,,,,,,NO_MATCH
Kirby Tilt and Tumble - Gameboy Color Game,Gameboy Color,,,,,,,,NO_MATCH
Kirby's Avalanche - SNES Game,SNES,,,,,,,,NO_MATCH
Kirby's Dream Course - SNES Game,SNES,,,,,,,,NO_MATCH
Kirby's Return to Dream Land - Wii Game,Wii,,,,,,,,NO_MATCH
Kiwi Kraze - NES Game,NES,,,,,,,,NO_MATCH
Klax - Gameboy Color Game,Gameboy Color,,,,,,,,NO_MATCH
Knights of the Round - SNES Game,SNES,,,,,,,,NO_MATCH
Konami Arcade Classics - PS1 Game,Playstation,,,,,,,,NO_MATCH
Konami Collector's Series Arcade Advanced - GBA Game,Gameboy Advance,,,,,,,,NO_MATCH
Konami Kids Playground: Alphabet Circus - PS2 Game,Playstation 2,game only,loose,6.45,8.25,8.99,0.74,1.98,APPLIED
Konami Kids Playground: Toy Pals Fun with Numbers - PS2 Game,Playstation 2,,,,,,,,NO_MATCH
Kris Kross: Make My Video - Sega CD Game,Sega CD,game only,loose,10.29,27.79,13.99,-13.80,2.99,APPLIED
Kris Kross: Make My Video - Sega CD Game,Sega CD,complete (cib),cib,25.29,49.99,34.99,-15.00,8.39,APPLIED
Krusty's Super Fun House - SNES Game,SNES,,,,,,,,NO_MATCH
Kung Fu Heroes - NES Game,NES,,,,,,,,NO_MATCH
Kurt Warner's Arena Football Unleashed - PS1 Game,Playstation,,,,,,,,NO_MATCH
Lagoon - SNES Game,SNES,,,,,,,,NO_MATCH
Landstalker Treasures of King Nole - Sega Genesis Game,Sega Genesis,,,,,,,,NO_MATCH
Laser Invasion - NES Game,NES,,,,,,,,NO_MATCH
Last Battle - Sega Genesis Game,Sega Genesis,,,,,,,,NO_MATCH
Lawnmower Man - Sega Genesis Game,Sega Genesis,,,,,,,,NO_MATCH
Legacy of the Wizard - NES Game,NES,,,,,,,,NO_MATCH
Legend of Alon D'Ar - PS2 Game,Playstation 2,,,,,,,,NO_MATCH
Legend of Heroes A Tear of Vermillion - PSP Game,PSP,game only,loose,16.94,34.24,22.99,-11.25,5.08,APPLIED
Legend of Heroes A Tear of Vermillion - PSP Game,PSP,complete (cib),cib,28.11,60.99,37.99,-23.00,8.48,APPLIED
Legend of Heroes II Prophecy of the Moonlight Witch - PSP Game,PSP,game only,loose,27.40,57.55,36.99,-20.56,8.22,APPLIED
Legend of Heroes II Prophecy of the Moonlight Witch - PSP Game,PSP,complete (cib),cib,51.99,102.99,70.99,-32.00,16.64,APPLIED
Legend of the Mystical Ninja - SNES Game,SNES,,,,,,,,NO_MATCH
Legendary Wings - NES Game,NES,,,,,,,,NO_MATCH
Lemmings - SNES Game,SNES,,,,,,,,NO_MATCH
Lemmings 2 The Tribes - Sega Genesis Game,Sega Genesis,,,,,,,,NO_MATCH
Let's Paint - Wii Game,Wii,,,,,,,,NO_MATCH
Let's Play Garden - Wii Game,Wii,,,,,,,,NO_MATCH
Lethal Enforcers - SNES Game,SNES,,,,,,,,NO_MATCH
Lethal Enforcers 1 and 2 - PS1 Game,Playstation,,,,,,,,NO_MATCH
Liberty or Death - Sega Genesis Game,Sega Genesis,,,,,,,,NO_MATCH
Lightening Force Quest for the Darkstar - Sega Genesis Game,Sega Genesis,,,,,,,,NO_MATCH
Line Rider 2 Unbound - Wii Game,Wii,,,,,,,,NO_MATCH
Little League World Series Baseball 2008 - Wii Game,Wii,,,,,,,,NO_MATCH
Little Nicky - Gameboy Color Game,Gameboy Color,,,,,,,,NO_MATCH
Lizzie McGuire 3 - GBA Game,Gameboy Advance,,,,,,,,NO_MATCH
Lone Ranger - NES Game,NES,,,,,,,,NO_MATCH
Looney Tunes B-Ball - SNES Game,SNES,,,,,,,,NO_MATCH
Lord of the Rings Volume 1 - SNES Game,SNES,,,,,,,,NO_MATCH
Lost in Shadow - Wii Game,Wii,,,,,,,,NO_MATCH
Lost World Jurassic Park - Sega Genesis Game,Sega Genesis,,,,,,,,NO_MATCH
Lotus II - Sega Genesis Game,Sega Genesis,,,,,,,,NO_MATCH
Lotus Turbo Challenge - Sega Genesis Game,Sega Genesis,,,,,,,,NO_MATCH
Lufia and The Fortress of Doom - SNES Game,SNES,,,,,,,,NO_MATCH
Lufia Ruins of Lore - GBA Game,Gameboy Advance,,,,,,,,NO_MATCH
M.C. Kids - NES Game,NES,,,,,,,,NO_MATCH
Mad Dog II Lost Gold - Sega CD Game,Sega CD,,,,,,,,NO_MATCH
Mad Dog McCree - Sega CD Game,Sega CD,,,,,,,,NO_MATCH
Mad Max - NES Game,NES,,,,,,,,NO_MATCH
Madden 2001 - Gameboy Color Game,Gameboy Color,,,,,,,,NO_MATCH
Madden 2002 - Gameboy Color Game,Gameboy Color,,,,,,,,NO_MATCH
Madden 2002 - Gamecube Game,Gamecube,,,,,,,,NO_MATCH
Madden 2004 - GBA Game,Gameboy Advance,,,,,,,,NO_MATCH
Madden 2007 - Gamecube Game,Gamecube,,,,,,,,NO_MATCH
Madden 2008 - Gamecube Game,Gamecube,,,,,,,,NO_MATCH
Madden 97 - Gameboy Game,Gameboy,,,,,,,,NO_MATCH
Madden NFL '95 - Sega Genesis Game,Sega Genesis,,,,,,,,NO_MATCH
Madden NFL 10 - PSP Game,PSP,,,,,,,,NO_MATCH
Madden NFL 12 - PSP Game,PSP,,,,,,,,NO_MATCH
Magi-Nation - Gameboy Color Game,Gameboy Color,,,,,,,,NO_MATCH
Magic Pengel The Quest For Color - PS2 Game,Playstation 2,,,,,,,,NO_MATCH
Magical Quest starring Mickey Mouse - SNES Game,SNES,,,,,,,,NO_MATCH
Magician - NES Game,NES,,,,,,,,NO_MATCH
Magmax - NES Game,NES,,,,,,,,NO_MATCH
Major League Baseball 2K10 - PS2 Game,Playstation 2,game only,loose,3.61,7.77,4.99,-2.78,0.94,APPLIED
Major League Baseball 2K10 - PS2 Game,Playstation 2,complete (cib),cib,7.95,13.99,10.99,-3.00,2.42,APPLIED
Major League Baseball 2K10 - PSP Game,PSP,game only,loose,4.64,7.95,6.99,-0.96,1.85,APPLIED
Major League Baseball 2K10 - PSP Game,PSP,complete (cib),cib,5.77,13.99,7.99,-6.00,1.69,APPLIED
Major League Baseball 2K11 - PS2 Game,Playstation 2,game only,loose,3.61,7.33,4.99,-2.34,0.94,APPLIED
Major League Baseball 2K11 - PS2 Game,Playstation 2,complete (cib),cib,7.95,12.99,10.99,-2.00,2.42,APPLIED
Major League Baseball 2K11 - PSP Game,PSP,game only,loose,5.10,7.74,6.99,-0.75,1.39,APPLIED
Major League Baseball 2K11 - PSP Game,PSP,complete (cib),cib,5.71,12.99,7.99,-5.00,1.75,APPLIED
Major League Baseball 2K6 - PSP Game,PSP,game only,loose,2.99,5.82,4.99,-0.83,1.56,APPLIED
Major League Baseball 2K6 - PSP Game,PSP,complete (cib),cib,4.99,9.99,6.99,-3.00,1.50,APPLIED
Major League Baseball 2K7 - GBA Game,Gameboy Advance,game only,loose,10.05,12.82,13.99,1.17,3.23,APPLIED
Major League Baseball 2K7 - GBA Game,Gameboy Advance,complete (cib),cib,16.10,22.99,21.99,-1.00,4.95,APPLIED
Major League Baseball 2K7 - PS2 Game,Playstation 2,complete (cib),cib,5.47,9.99,7.99,-2.00,1.99,APPLIED
Major League Baseball 2K7 - PSP Game,PSP,game only,loose,4.64,3.86,6.99,3.13,1.85,APPLIED
Major League Baseball 2K7 - PSP Game,PSP,complete (cib),cib,7.03,5.99,9.99,4.00,2.37,APPLIED
Major League Baseball 2K8 - PSP Game,PSP,game only,loose,3.13,7.97,4.99,-2.98,1.42,APPLIED
Major League Baseball 2K8 - PSP Game,PSP,complete (cib),cib,7.81,13.99,10.99,-3.00,2.56,APPLIED
Major League Baseball 2K9 - PSP Game,PSP,game only,loose,6.01,6.46,8.99,2.53,2.42,APPLIED
Major League Baseball 2K9 - PSP Game,PSP,complete (cib),cib,7.01,10.99,9.99,-1.00,2.39,APPLIED
Mappy-Land - NES Game,NES,,,,,,,,NO_MATCH
Marble Madness - Sega Genesis Game,Sega Genesis,,,,,,,,NO_MATCH
Mario is Missing - SNES Game,SNES,,,,,,,,NO_MATCH
Mario Paint - SNES Game,SNES,,,,,,,,NO_MATCH
Mario Power TennisPAL  - GBA Game,Gameboy Advance,,,,,,,,NO_MATCH
Marsupilami - Sega Genesis Game,Sega Genesis,,,,,,,,NO_MATCH
Master of Monsters - Sega Genesis Game,Sega Genesis,,,,,,,,NO_MATCH
Maui Mallard in Cold Shadow - Gameboy Game,Gameboy,,,,,,,,NO_MATCH
Maui Mallard in Cold Shadow - SNES Game,SNES,,,,,,,,NO_MATCH
Max Steel Covert Missions - Sega Dreamcast Game,Sega Dreamcast,,,,,,,,NO_MATCH
Maximum Force Pull the Trigger - PS1 Game,Playstation,,,,,,,,NO_MATCH
Mazes of Fate - GBA Game,Gameboy Advance,,,,,,,,NO_MATCH
McDonald's Treasureland Adventure - Sega Genesis Game,Sega Genesis,,,,,,,,NO_MATCH
Mechanized Attack - NES Game,NES,,,,,,,,NO_MATCH
Mega Bomberman - Sega Genesis Game,Sega Genesis,,,,,,,,NO_MATCH
Mega Man 64 - Nintendo 64 Game,Nintendo 64,,,,,,,,NO_MATCH
Mega Man Anniversary Collection - PS2 Game,Playstation 2,,,,,,,,NO_MATCH
Mega Man Soccer - SNES Game,SNES,,,,,,,,NO_MATCH
Mega Man X Collection - Gamecube Game,Gamecube,,,,,,,,NO_MATCH
MegaRace - Sega CD Game,Sega CD,,,,,,,,NO_MATCH
Mendel Palace - NES Game,NES,,,,,,,,NO_MATCH
Metal Gear Solid Essential Collection - PS2 Game,Playstation 2,,,,,,,,NO_MATCH
Metal Mech - NES Game,NES,,,,,,,,NO_MATCH
Metal Slug - Sega Saturn Game,Sega Saturn,,,,,,,,NO_MATCH
Michael Jordan Chaos in the Windy City - SNES Game,SNES,,,,,,,,NO_MATCH
Mickey Mania - SNES Game,SNES,,,,,,,,NO_MATCH
Micro Machi - NES Game V4 - PSP Game,PSP,,,,,,,,NO_MATCH
Midnight Resistance - Sega Genesis Game,Sega Genesis,,,,,,,,NO_MATCH
Midway Arcade Treasures 3 - Gamecube Game,Gamecube,game only,loose,15.38,33.88,20.99,-12.89,4.70,APPLIED
Midway Arcade Treasures 3 - Gamecube Game,Gamecube,complete (cib),cib,29.25,59.99,39.99,-20.00,9.28,APPLIED
Mighty Beanz Pocket Puzzles - GBA Game,Gameboy Advance,,,,,,,,NO_MATCH
Mighty Morphin Power Rangers - SNES Game,SNES,,,,,,,,NO_MATCH
Millipede - NES Game,NES,,,,,,,,NO_MATCH
Milon's Secret Castle - NES Game,NES,,,,,,,,NO_MATCH
Miner 2049er - Gameboy Game,Gameboy,,,,,,,,NO_MATCH
Miss Spiders Tea Party - PS1 Game,Playstation,,,,,,,,NO_MATCH
Mister Mosquito - PS2 Game,Playstation 2,,,,,,,,NO_MATCH
MLB 07 The Show - PS2 Game,Playstation 2,,,,,,,,NO_MATCH
MLB 08 The Show - PS2 Game,Playstation 2,game only,loose,3.76,7.81,5.99,-1.82,1.76,APPLIED
MLB 08 The Show - PS2 Game,Playstation 2,complete (cib),cib,5.75,13.99,7.99,-6.00,1.71,APPLIED
MLB 09: The Show - PS2 Game,Playstation 2,,,,,,,,NO_MATCH
MLB 09: The Show - PSP Game,PSP,,,,,,,,NO_MATCH
MLB 10 The Show - PS2 Game,Playstation 2,,,,,,,,NO_MATCH
MLB 11: The Show - PS2 Game,Playstation 2,,,,,,,,NO_MATCH
MLB 2000 - PS1 Game,Playstation,,,,,,,,NO_MATCH
MLB 98 - PS1 Game,Playstation,,,,,,,,NO_MATCH
MLB 99 - PS1 Game,Playstation,,,,,,,,NO_MATCH
MLB Slugfest 2004 - GBA Game,Gameboy Advance,,,,,,,,NO_MATCH
MLB Slugfest 2006 - PS2 Game,Playstation 2,,,,,,,,NO_MATCH
MLB Slugfest Loaded - PS2 Game,Playstation 2,,,,,,,,NO_MATCH
Mobil 1 Rally Championship - PS1 Game,Playstation,,,,,,,,NO_MATCH
Mobile Suit Gundam Seed Battle Assault - GBA Game,Gameboy Advance,,,,,,,,NO_MATCH
Monopoly - SNES Game,SNES,,,,,,,,NO_MATCH
Monster 4x4 Masters of Metal - PS2 Game,Playstation 2,,,,,,,,NO_MATCH
Monster Party - NES Game,NES,,,,,,,,NO_MATCH
Monster Rancher 4 - PS2 Game,Playstation 2,,,,,,,,NO_MATCH
Monster Rancher Hop-A-Bout - PS1 Game,Playstation,,,,,,,,NO_MATCH
Montezuma's Revenge - Sega Master System Game,Sega Master System,,,,,,,,NO_MATCH
Mortal Kombat - SNES Game,SNES,,,,,,,,NO_MATCH
Mortal Kombat 3 - SNES Game,SNES,,,,,,,,NO_MATCH
Mortal Kombat Deception - Gamecube Game,Gamecube,,,,,,,,NO_MATCH
